Granule UR,Producer Granule ID,Start Time,End Time,Online Access URLs,Browse URLs,Cloud Cover,Day/Night,Size
LM11900361972244AAA04,,1972-08-31T00:00:00Z,1972-08-31T23:59:59Z,http://earthexplorer.usgs.gov/order/process?node=EC&dataset_name=LANDSAT_MSS&ordered=LM11900361972244AAA04,http://earthexplorer.usgs.gov/browse/mss/190/36/1972/LM1190036007224490.jpg,,DAY,
LM11900351972244AAA02,,1972-08-31T07:57:59Z,1972-08-31T07:58:28Z,http://earthexplorer.usgs.gov/order/process?node=EC&dataset_name=LANDSAT_MSS&ordered=LM11900351972244AAA02,http://earthexplorer.usgs.gov/browse/mss/190/35/1972/119003500722449002.jpg,,DAY,
LM11900371972244AAA02,,1972-08-31T07:58:49Z,1972-08-31T07:59:18Z,http://earthexplorer.usgs.gov/order/process?node=EC&dataset_name=LANDSAT_MSS&ordered=LM11900371972244AAA02,http://earthexplorer.usgs.gov/browse/mss/190/37/1972/119003700722449002.jpg,,DAY,
LM11880361972278AAA05,,1972-10-04T00:00:00Z,1972-10-04T23:59:59Z,http://earthexplorer.usgs.gov/order/process?node=EC&dataset_name=LANDSAT_MSS&ordered=LM11880361972278AAA05,http://earthexplorer.usgs.gov/browse/mss/188/36/1972/LM1188036007227890.jpg,,DAY,
LM11880371972278AAA05,,1972-10-04T00:00:00Z,1972-10-04T23:59:59Z,http://earthexplorer.usgs.gov/order/process?node=EC&dataset_name=LANDSAT_MSS&ordered=LM11880371972278AAA05,http://earthexplorer.usgs.gov/browse/mss/188/37/1972/LM1188037007227890.jpg,,DAY,
LM11880351972278AAA05,,1972-10-04T00:00:00Z,1972-10-04T23:59:59Z,http://earthexplorer.usgs.gov/order/process?node=EC&dataset_name=LANDSAT_MSS&ordered=LM11880351972278AAA05,http://earthexplorer.usgs.gov/browse/mss/188/35/1972/LM1188035007227890.jpg,,DAY,
LM11900361972280AAA04,,1972-10-06T00:00:00Z,1972-10-06T23:59:59Z,http://earthexplorer.usgs.gov/order/process?node=EC&dataset_name=LANDSAT_MSS&ordered=LM11900361972280AAA04,http://earthexplorer.usgs.gov/browse/mss/190/36/1972/LM1190036007228090.jpg,,DAY,
LM11900351972280AAA02,,1972-10-06T07:58:07Z,1972-10-06T07:58:35Z,http://earthexplorer.usgs.gov/order/process?node=EC&dataset_name=LANDSAT_MSS&ordered=LM11900351972280AAA02,http://earthexplorer.usgs.gov/browse/mss/190/35/1972/119003500722809002.jpg,,DAY,
LM11900371972280AAA02,,1972-10-06T07:58:56Z,1972-10-06T07:59:25Z,http://earthexplorer.usgs.gov/order/process?node=EC&dataset_name=LANDSAT_MSS&ordered=LM11900371972280AAA02,http://earthexplorer.usgs.gov/browse/mss/190/37/1972/119003700722809002.jpg,,DAY,
LM11880351972296AAA05,,1972-10-22T00:00:00Z,1972-10-22T23:59:59Z,http://earthexplorer.usgs.gov/order/process?node=EC&dataset_name=LANDSAT_MSS&ordered=LM11880351972296AAA05,http://earthexplorer.usgs.gov/browse/mss/188/35/1972/LM1188035007229690.jpg,,DAY,
LM11880361972296AAA05,,1972-10-22T00:00:00Z,1972-10-22T23:59:59Z,http://earthexplorer.usgs.gov/order/process?node=EC&dataset_name=LANDSAT_MSS&ordered=LM11880361972296AAA05,http://earthexplorer.usgs.gov/browse/mss/188/36/1972/LM1188036007229690.jpg,,DAY,
LM11880371972296AAA05,,1972-10-22T00:00:00Z,1972-10-22T23:59:59Z,http://earthexplorer.usgs.gov/order/process?node=EC&dataset_name=LANDSAT_MSS&ordered=LM11880371972296AAA05,http://earthexplorer.usgs.gov/browse/mss/188/37/1972/LM1188037007229690.jpg,,DAY,
LM11890351972297FAK05,,1972-10-23T07:52:42Z,1972-10-23T07:53:11Z,http://earthexplorer.usgs.gov/order/process?node=EC&dataset_name=LANDSAT_MSS&ordered=LM11890351972297FAK05,http://earthexplorer.usgs.gov/browse/mss/189/35/1972/118903500722979005.jpg,,DAY,
LM11890361972297AAA04,,1972-10-23T07:53:07Z,1972-10-23T07:53:36Z,http://earthexplorer.usgs.gov/order/process?node=EC&dataset_name=LANDSAT_MSS&ordered=LM11890361972297AAA04,http://earthexplorer.usgs.gov/browse/mss/189/36/1972/118903600722979004.jpg,,DAY,
LM11890371972297AAA04,,1972-10-23T07:53:32Z,1972-10-23T07:54:01Z,http://earthexplorer.usgs.gov/order/process?node=EC&dataset_name=LANDSAT_MSS&ordered=LM11890371972297AAA04,http://earthexplorer.usgs.gov/browse/mss/189/37/1972/118903700722979004.jpg,,DAY,
LM11900351972298AAA02,,1972-10-24T07:58:27Z,1972-10-24T07:58:56Z,http://earthexplorer.usgs.gov/order/process?node=EC&dataset_name=LANDSAT_MSS&ordered=LM11900351972298AAA02,http://earthexplorer.usgs.gov/browse/mss/190/35/1972/119003500722989002.jpg,,DAY,
LM11900361972298AAA02,,1972-10-24T07:58:52Z,1972-10-24T07:59:21Z,http://earthexplorer.usgs.gov/order/process?node=EC&dataset_name=LANDSAT_MSS&ordered=LM11900361972298AAA02,http://earthexplorer.usgs.gov/browse/mss/190/36/1972/119003600722989002.jpg,,DAY,
LM11900371972298AAA02,,1972-10-24T07:59:17Z,1972-10-24T07:59:46Z,http://earthexplorer.usgs.gov/order/process?node=EC&dataset_name=LANDSAT_MSS&ordered=LM11900371972298AAA02,http://earthexplorer.usgs.gov/browse/mss/190/37/1972/119003700722989002.jpg,,DAY,
LM11880351972332FAK03,,1972-11-27T07:47:22Z,1972-11-27T07:47:50Z,http://earthexplorer.usgs.gov/order/process?node=EC&dataset_name=LANDSAT_MSS&ordered=LM11880351972332FAK03,http://earthexplorer.usgs.gov/browse/mss/188/35/1972/118803500723329003.jpg,,DAY,
LM11880361972332FAK03,,1972-11-27T07:47:47Z,1972-11-27T07:48:15Z,http://earthexplorer.usgs.gov/order/process?node=EC&dataset_name=LANDSAT_MSS&ordered=LM11880361972332FAK03,http://earthexplorer.usgs.gov/browse/mss/188/36/1972/118803600723329003.jpg,,DAY,
LM11880371972332FAK03,,1972-11-27T07:48:12Z,1972-11-27T07:48:40Z,http://earthexplorer.usgs.gov/order/process?node=EC&dataset_name=LANDSAT_MSS&ordered=LM11880371972332FAK03,http://earthexplorer.usgs.gov/browse/mss/188/37/1972/118803700723329003.jpg,,DAY,
LM11890351972333FAK06,,1972-11-28T07:53:07Z,1972-11-28T07:53:35Z,http://earthexplorer.usgs.gov/order/process?node=EC&dataset_name=LANDSAT_MSS&ordered=LM11890351972333FAK06,http://earthexplorer.usgs.gov/browse/mss/189/35/1972/118903500723339006.jpg,,DAY,
LM11890361972333AAA04,,1972-11-28T07:53:30Z,1972-11-28T07:53:58Z,http://earthexplorer.usgs.gov/order/process?node=EC&dataset_name=LANDSAT_MSS&ordered=LM11890361972333AAA04,http://earthexplorer.usgs.gov/browse/mss/189/36/1972/118903600723339004.jpg,,DAY,
LM11890371972333AAA04,,1972-11-28T07:53:54Z,1972-11-28T07:54:23Z,http://earthexplorer.usgs.gov/order/process?node=EC&dataset_name=LANDSAT_MSS&ordered=LM11890371972333AAA04,http://earthexplorer.usgs.gov/browse/mss/189/37/1972/118903700723339004.jpg,,DAY,
LM11900351972334AAA02,,1972-11-29T07:58:49Z,1972-11-29T07:59:18Z,http://earthexplorer.usgs.gov/order/process?node=EC&dataset_name=LANDSAT_MSS&ordered=LM11900351972334AAA02,http://earthexplorer.usgs.gov/browse/mss/190/35/1972/119003500723349002.jpg,,DAY,
LM11900361972334AAA02,,1972-11-29T07:59:14Z,1972-11-29T07:59:43Z,http://earthexplorer.usgs.gov/order/process?node=EC&dataset_name=LANDSAT_MSS&ordered=LM11900361972334AAA02,http://earthexplorer.usgs.gov/browse/mss/190/36/1972/119003600723349002.jpg,,DAY,
LM11900371972334FAK08,,1972-11-29T07:59:41Z,1972-11-29T08:00:09Z,http://earthexplorer.usgs.gov/order/process?node=EC&dataset_name=LANDSAT_MSS&ordered=LM11900371972334FAK08,http://earthexplorer.usgs.gov/browse/mss/190/37/1972/119003700723349008.jpg,,DAY,
LM11910351972335AAA04,,1972-11-30T00:00:00Z,1972-11-30T23:59:59Z,http://earthexplorer.usgs.gov/order/process?node=EC&dataset_name=LANDSAT_MSS&ordered=LM11910351972335AAA04,http://earthexplorer.usgs.gov/browse/mss/191/35/1972/LM1191035007233590.jpg,,DAY,
LM11910361972335FAK03,,1972-11-30T08:05:00Z,1972-11-30T08:05:28Z,http://earthexplorer.usgs.gov/order/process?node=EC&dataset_name=LANDSAT_MSS&ordered=LM11910361972335FAK03,http://earthexplorer.usgs.gov/browse/mss/191/36/1972/119103600723359003.jpg,,DAY,
LM11880351972350AAA05,,1972-12-15T00:00:00Z,1972-12-15T23:59:59Z,http://earthexplorer.usgs.gov/order/process?node=EC&dataset_name=LANDSAT_MSS&ordered=LM11880351972350AAA05,http://earthexplorer.usgs.gov/browse/mss/188/35/1972/LM1188035007235090.jpg,,DAY,
LM11880361972350AAA05,,1972-12-15T00:00:00Z,1972-12-15T23:59:59Z,http://earthexplorer.usgs.gov/order/process?node=EC&dataset_name=LANDSAT_MSS&ordered=LM11880361972350AAA05,http://earthexplorer.usgs.gov/browse/mss/188/36/1972/LM1188036007235090.jpg,,DAY,
LM11880371972350AAA05,,1972-12-15T00:00:00Z,1972-12-15T23:59:59Z,http://earthexplorer.usgs.gov/order/process?node=EC&dataset_name=LANDSAT_MSS&ordered=LM11880371972350AAA05,http://earthexplorer.usgs.gov/browse/mss/188/37/1972/LM1188037007235090.jpg,,DAY,
LM11890351972351AAA05,,1972-12-16T00:00:00Z,1972-12-16T23:59:59Z,http://earthexplorer.usgs.gov/order/process?node=EC&dataset_name=LANDSAT_MSS&ordered=LM11890351972351AAA05,http://earthexplorer.usgs.gov/browse/mss/189/35/1972/LM1189035007235190.jpg,,DAY,
LM11890361972351AAA05,,1972-12-16T00:00:00Z,1972-12-16T23:59:59Z,http://earthexplorer.usgs.gov/order/process?node=EC&dataset_name=LANDSAT_MSS&ordered=LM11890361972351AAA05,http://earthexplorer.usgs.gov/browse/mss/189/36/1972/LM1189036007235190.jpg,,DAY,
LM11890371972351GDS03,,1972-12-16T07:53:53Z,1972-12-16T07:54:21Z,http://earthexplorer.usgs.gov/order/process?node=EC&dataset_name=LANDSAT_MSS&ordered=LM11890371972351GDS03,http://earthexplorer.usgs.gov/browse/mss/189/37/1972/118903700723519003.jpg,,DAY,
LM11900351972352AAA04,,1972-12-17T00:00:00Z,1972-12-17T23:59:59Z,http://earthexplorer.usgs.gov/order/process?node=EC&dataset_name=LANDSAT_MSS&ordered=LM11900351972352AAA04,http://earthexplorer.usgs.gov/browse/mss/190/35/1972/LM1190035007235290.jpg,,DAY,
LM11910351972353AAA04,,1972-12-18T08:04:30Z,1972-12-18T08:04:59Z,http://earthexplorer.usgs.gov/order/process?node=EC&dataset_name=LANDSAT_MSS&ordered=LM11910351972353AAA04,http://earthexplorer.usgs.gov/browse/mss/191/35/1972/119103500723539004.jpg,,DAY,
LM11910361972353XXX01,,1972-12-18T08:04:55Z,1972-12-18T08:05:24Z,http://earthexplorer.usgs.gov/order/process?node=EC&dataset_name=LANDSAT_MSS&ordered=LM11910361972353XXX01,http://earthexplorer.usgs.gov/browse/mss/191/36/1972/119103600723539001.jpg,,DAY,
LM11910371972353XXX01,,1972-12-18T08:05:20Z,1972-12-18T08:05:49Z,http://earthexplorer.usgs.gov/order/process?node=EC&dataset_name=LANDSAT_MSS&ordered=LM11910371972353XXX01,http://earthexplorer.usgs.gov/browse/mss/191/37/1972/119103700723539001.jpg,,DAY,
LM11880361973002AAA04,,1973-01-02T00:00:00Z,1973-01-02T23:59:59Z,http://earthexplorer.usgs.gov/order/process?node=EC&dataset_name=LANDSAT_MSS&ordered=LM11880361973002AAA04,http://earthexplorer.usgs.gov/browse/mss/188/36/1973/LM1188036007300290.jpg,,DAY,
LM11880371973002AAA04,,1973-01-02T00:00:00Z,1973-01-02T23:59:59Z,http://earthexplorer.usgs.gov/order/process?node=EC&dataset_name=LANDSAT_MSS&ordered=LM11880371973002AAA04,http://earthexplorer.usgs.gov/browse/mss/188/37/1973/LM1188037007300290.jpg,,DAY,
LM11890351973003AAA08,,1973-01-03T07:52:51Z,1973-01-03T07:53:20Z,http://earthexplorer.usgs.gov/order/process?node=EC&dataset_name=LANDSAT_MSS&ordered=LM11890351973003AAA08,http://earthexplorer.usgs.gov/browse/mss/189/35/1973/118903500730039008.jpg,,DAY,
LM11890361973003AAA06,,1973-01-03T07:53:16Z,1973-01-03T07:53:45Z,http://earthexplorer.usgs.gov/order/process?node=EC&dataset_name=LANDSAT_MSS&ordered=LM11890361973003AAA06,http://earthexplorer.usgs.gov/browse/mss/189/36/1973/118903600730039006.jpg,,DAY,
LM11890371973003AAA06,,1973-01-03T07:53:41Z,1973-01-03T07:54:10Z,http://earthexplorer.usgs.gov/order/process?node=EC&dataset_name=LANDSAT_MSS&ordered=LM11890371973003AAA06,http://earthexplorer.usgs.gov/browse/mss/189/37/1973/118903700730039006.jpg,,DAY,
LM11900371973004AAA04,,1973-01-04T00:00:00Z,1973-01-04T23:59:59Z,http://earthexplorer.usgs.gov/order/process?node=EC&dataset_name=LANDSAT_MSS&ordered=LM11900371973004AAA04,http://earthexplorer.usgs.gov/browse/mss/190/37/1973/LM1190037007300490.jpg,,DAY,
LM11900351973004AAA04,,1973-01-04T00:00:00Z,1973-01-04T23:59:59Z,http://earthexplorer.usgs.gov/order/process?node=EC&dataset_name=LANDSAT_MSS&ordered=LM11900351973004AAA04,http://earthexplorer.usgs.gov/browse/mss/190/35/1973/LM1190035007300490.jpg,,DAY,
LM11900361973004AAA04,,1973-01-04T00:00:00Z,1973-01-04T23:59:59Z,http://earthexplorer.usgs.gov/order/process?node=EC&dataset_name=LANDSAT_MSS&ordered=LM11900361973004AAA04,http://earthexplorer.usgs.gov/browse/mss/190/36/1973/LM1190036007300490.jpg,,DAY,
LM11910351973005AAA02,,1973-01-05T08:04:17Z,1973-01-05T08:04:45Z,http://earthexplorer.usgs.gov/order/process?node=EC&dataset_name=LANDSAT_MSS&ordered=LM11910351973005AAA02,http://earthexplorer.usgs.gov/browse/mss/191/35/1973/119103500730059002.jpg,,DAY,
LM11910361973005XXX01,,1973-01-05T08:04:42Z,1973-01-05T08:05:10Z,http://earthexplorer.usgs.gov/order/process?node=EC&dataset_name=LANDSAT_MSS&ordered=LM11910361973005XXX01,http://earthexplorer.usgs.gov/browse/mss/191/36/1973/119103600730059001.jpg,,DAY,
LM11910371973005AAA02,,1973-01-05T08:05:06Z,1973-01-05T08:05:35Z,http://earthexplorer.usgs.gov/order/process?node=EC&dataset_name=LANDSAT_MSS&ordered=LM11910371973005AAA02,http://earthexplorer.usgs.gov/browse/mss/191/37/1973/119103700730059002.jpg,,DAY,
LM11910361973023GDS03,,1973-01-23T08:04:42Z,1973-01-23T08:05:10Z,http://earthexplorer.usgs.gov/order/process?node=EC&dataset_name=LANDSAT_MSS&ordered=LM11910361973023GDS03,http://earthexplorer.usgs.gov/browse/mss/191/36/1973/119103600730239003.jpg,,DAY,
LM11910371973023GDS04,,1973-01-23T08:05:07Z,1973-01-23T08:05:35Z,http://earthexplorer.usgs.gov/order/process?node=EC&dataset_name=LANDSAT_MSS&ordered=LM11910371973023GDS04,http://earthexplorer.usgs.gov/browse/mss/191/37/1973/119103700730239004.jpg,,DAY,
LM11890361973129AAA05,,1973-05-09T00:00:00Z,1973-05-09T23:59:59Z,http://earthexplorer.usgs.gov/order/process?node=EC&dataset_name=LANDSAT_MSS&ordered=LM11890361973129AAA05,http://earthexplorer.usgs.gov/browse/mss/189/36/1973/LM1189036007312990.jpg,,DAY,
LM11890371973129AAA05,,1973-05-09T00:00:00Z,1973-05-09T23:59:59Z,http://earthexplorer.usgs.gov/order/process?node=EC&dataset_name=LANDSAT_MSS&ordered=LM11890371973129AAA05,http://earthexplorer.usgs.gov/browse/mss/189/37/1973/LM1189037007312990.jpg,,DAY,
LM11900361973130AAA05,,1973-05-10T00:00:00Z,1973-05-10T23:59:59Z,http://earthexplorer.usgs.gov/order/process?node=EC&dataset_name=LANDSAT_MSS&ordered=LM11900361973130AAA05,http://earthexplorer.usgs.gov/browse/mss/190/36/1973/LM1190036007313090.jpg,,DAY,
LM11900371973130FAK04,,1973-05-10T07:59:49Z,1973-05-10T08:00:17Z,http://earthexplorer.usgs.gov/order/process?node=EC&dataset_name=LANDSAT_MSS&ordered=LM11900371973130FAK04,http://earthexplorer.usgs.gov/browse/mss/190/37/1973/119003700731309004.jpg,,DAY,
LM11880361973182AAA05,,1973-07-01T00:00:00Z,1973-07-01T23:59:59Z,http://earthexplorer.usgs.gov/order/process?node=EC&dataset_name=LANDSAT_MSS&ordered=LM11880361973182AAA05,http://earthexplorer.usgs.gov/browse/mss/188/36/1973/LM1188036007318290.jpg,,DAY,
LM11880371973182AAA05,,1973-07-01T00:00:00Z,1973-07-01T23:59:59Z,http://earthexplorer.usgs.gov/order/process?node=EC&dataset_name=LANDSAT_MSS&ordered=LM11880371973182AAA05,http://earthexplorer.usgs.gov/browse/mss/188/37/1973/LM1188037007318290.jpg,,DAY,
LM11880361973236AAA02,,1973-08-24T07:46:29Z,1973-08-24T07:46:54Z,http://earthexplorer.usgs.gov/order/process?node=EC&dataset_name=LANDSAT_MSS&ordered=LM11880361973236AAA02,,,DAY,
LM11880371973236AAA02,,1973-08-24T07:47:08Z,1973-08-24T07:47:48Z,http://earthexplorer.usgs.gov/order/process?node=EC&dataset_name=LANDSAT_MSS&ordered=LM11880371973236AAA02,,,DAY,
LM11900371973274AAA05,,1973-10-01T07:57:41Z,1973-10-01T07:58:10Z,http://earthexplorer.usgs.gov/order/process?node=EC&dataset_name=LANDSAT_MSS&ordered=LM11900371973274AAA05,http://earthexplorer.usgs.gov/browse/mss/190/37/1973/119003700732749005.jpg,,DAY,
LM21900351975039AAA02,,1975-02-08T07:47:07Z,1975-02-08T07:47:36Z,http://earthexplorer.usgs.gov/order/process?node=EC&dataset_name=LANDSAT_MSS&ordered=LM21900351975039AAA02,http://earthexplorer.usgs.gov/browse/mss/190/35/1975/219003500750399002.jpg,,DAY,
LM21900351975129GDS03,,1975-05-09T07:46:42Z,1975-05-09T07:47:10Z,http://earthexplorer.usgs.gov/order/process?node=EC&dataset_name=LANDSAT_MSS&ordered=LM21900351975129GDS03,http://earthexplorer.usgs.gov/browse/mss/190/35/1975/219003500751299003.jpg,,DAY,
LM21910351975130GDS03,,1975-05-10T07:52:25Z,1975-05-10T07:52:53Z,http://earthexplorer.usgs.gov/order/process?node=EC&dataset_name=LANDSAT_MSS&ordered=LM21910351975130GDS03,http://earthexplorer.usgs.gov/browse/mss/191/35/1975/219103500751309003.jpg,,DAY,
LM21910351975148AAA06,,1975-05-28T07:52:27Z,1975-05-28T07:52:56Z,http://earthexplorer.usgs.gov/order/process?node=EC&dataset_name=LANDSAT_MSS&ordered=LM21910351975148AAA06,http://earthexplorer.usgs.gov/browse/mss/191/35/1975/219103500751489006.jpg,,DAY,
LM21900351975165AAA05,,1975-06-14T00:00:00Z,1975-06-14T23:59:59Z,http://earthexplorer.usgs.gov/order/process?node=EC&dataset_name=LANDSAT_MSS&ordered=LM21900351975165AAA05,http://earthexplorer.usgs.gov/browse/mss/190/35/1975/LM2190035007516590.jpg,,DAY,
LM21910351975166GMD03,,1975-06-15T07:52:40Z,1975-06-15T07:53:08Z,http://earthexplorer.usgs.gov/order/process?node=EC&dataset_name=LANDSAT_MSS&ordered=LM21910351975166GMD03,http://earthexplorer.usgs.gov/browse/mss/191/35/1975/219103500751669003.jpg,,DAY,
LM21880371975181GDS07,,1975-06-30T07:36:17Z,1975-06-30T07:36:45Z,http://earthexplorer.usgs.gov/order/process?node=EC&dataset_name=LANDSAT_MSS&ordered=LM21880371975181GDS07,http://earthexplorer.usgs.gov/browse/mss/188/37/1975/218803700751819007.jpg,,DAY,
LM21900351975255AAA02,,1975-09-12T07:45:41Z,1975-09-12T07:46:10Z,http://earthexplorer.usgs.gov/order/process?node=EC&dataset_name=LANDSAT_MSS&ordered=LM21900351975255AAA02,http://earthexplorer.usgs.gov/browse/mss/190/35/1975/219003500752559002.jpg,,DAY,
LM21910351975256FAK07,,1975-09-13T07:51:25Z,1975-09-13T07:51:53Z,http://earthexplorer.usgs.gov/order/process?node=EC&dataset_name=LANDSAT_MSS&ordered=LM21910351975256FAK07,http://earthexplorer.usgs.gov/browse/mss/191/35/1975/219103500752569007.jpg,,DAY,
LM21880351977206AAA03,,1977-07-25T07:12:40Z,1977-07-25T07:13:08Z,http://earthexplorer.usgs.gov/order/process?node=EC&dataset_name=LANDSAT_MSS&ordered=LM21880351977206AAA03,http://earthexplorer.usgs.gov/browse/mss/188/35/1977/218803500772069003.jpg,,DAY,
LM21880361977206AAA03,,1977-07-25T07:13:05Z,1977-07-25T07:13:33Z,http://earthexplorer.usgs.gov/order/process?node=EC&dataset_name=LANDSAT_MSS&ordered=LM21880361977206AAA03,http://earthexplorer.usgs.gov/browse/mss/188/36/1977/218803600772069003.jpg,,DAY,
LM21880371977206AAA03,,1977-07-25T07:13:30Z,1977-07-25T07:13:58Z,http://earthexplorer.usgs.gov/order/process?node=EC&dataset_name=LANDSAT_MSS&ordered=LM21880371977206AAA03,http://earthexplorer.usgs.gov/browse/mss/188/37/1977/218803700772069003.jpg,,DAY,
LM21880351977224AAA03,,1977-08-12T07:11:42Z,1977-08-12T07:12:10Z,http://earthexplorer.usgs.gov/order/process?node=EC&dataset_name=LANDSAT_MSS&ordered=LM21880351977224AAA03,http://earthexplorer.usgs.gov/browse/mss/188/35/1977/218803500772249003.jpg,,DAY,
LM21890351977224TGS02,,1977-08-12T07:11:46Z,1977-08-12T07:12:15Z,http://earthexplorer.usgs.gov/order/process?node=EC&dataset_name=LANDSAT_MSS&ordered=LM21890351977224TGS02,http://earthexplorer.usgs.gov/browse/mss/189/35/1977/218903500772249002.jpg,,DAY,
LM21880361977224AAA03,,1977-08-12T07:12:07Z,1977-08-12T07:12:35Z,http://earthexplorer.usgs.gov/order/process?node=EC&dataset_name=LANDSAT_MSS&ordered=LM21880361977224AAA03,http://earthexplorer.usgs.gov/browse/mss/188/36/1977/218803600772249003.jpg,,DAY,
LM21890361977224TGS02,,1977-08-12T07:12:11Z,1977-08-12T07:12:40Z,http://earthexplorer.usgs.gov/order/process?node=EC&dataset_name=LANDSAT_MSS&ordered=LM21890361977224TGS02,http://earthexplorer.usgs.gov/browse/mss/189/36/1977/218903600772249002.jpg,,DAY,
LM21880371977224AAA03,,1977-08-12T07:12:32Z,1977-08-12T07:13:00Z,http://earthexplorer.usgs.gov/order/process?node=EC&dataset_name=LANDSAT_MSS&ordered=LM21880371977224AAA03,http://earthexplorer.usgs.gov/browse/mss/188/37/1977/218803700772249003.jpg,,DAY,
LM21890371977224TGS02,,1977-08-12T07:12:36Z,1977-08-12T07:13:05Z,http://earthexplorer.usgs.gov/order/process?node=EC&dataset_name=LANDSAT_MSS&ordered=LM21890371977224TGS02,http://earthexplorer.usgs.gov/browse/mss/189/37/1977/218903700772249002.jpg,,DAY,
LM31890361978103GDS02,,1978-04-13T07:33:13Z,1978-04-13T07:33:42Z,,http://earthexplorer.usgs.gov/browse/mss/189/36/1978/318903600781039002.jpg,,DAY,
LM31890371978103GDS02,,1978-04-13T07:33:38Z,1978-04-13T07:34:07Z,,http://earthexplorer.usgs.gov/browse/mss/189/37/1978/318903700781039002.jpg,,DAY,
LM31880371978354AAA02,,1978-12-20T07:37:01Z,1978-12-20T07:37:30Z,,http://earthexplorer.usgs.gov/browse/mss/188/37/1978/318803700783549002.jpg,,DAY,
LM31880371979007AAA12,,1979-01-07T07:37:06Z,1979-01-07T07:37:35Z,,http://earthexplorer.usgs.gov/browse/mss/188/37/1979/318803700790079012.jpg,,DAY,
LM51780351984118AAA01,,1984-04-27T08:01:03Z,1984-04-27T23:59:59Z,http://earthexplorer.usgs.gov/order/process?node=EC&dataset_name=LANDSAT_MSS&ordered=LM51780351984118AAA01,http://earthexplorer.usgs.gov/browse/mss/178/35/1984/LM51780351984118AAA01.jpg,,DAY,
LM51780361984118AAA03,,1984-04-27T08:01:05Z,1984-04-27T23:59:59Z,http://earthexplorer.usgs.gov/order/process?node=EC&dataset_name=LANDSAT_MSS&ordered=LM51780361984118AAA03,http://earthexplorer.usgs.gov/browse/mss/178/36/1984/LM51780361984118AAA03.jpg,,DAY,
LM51750351984129AAA03,,1984-05-08T07:43:01Z,1984-05-08T23:59:59Z,http://earthexplorer.usgs.gov/order/process?node=EC&dataset_name=LANDSAT_MSS&ordered=LM51750351984129AAA03,http://earthexplorer.usgs.gov/browse/mss/175/35/1984/LM51750351984129AAA03.jpg,,DAY,
LM51750361984129AAA03,,1984-05-08T07:43:03Z,1984-05-08T23:59:59Z,http://earthexplorer.usgs.gov/order/process?node=EC&dataset_name=LANDSAT_MSS&ordered=LM51750361984129AAA03,http://earthexplorer.usgs.gov/browse/mss/175/36/1984/LM51750361984129AAA03.jpg,,DAY,
LM51750371984129AAA03,,1984-05-08T07:44:00Z,1984-05-08T23:59:59Z,http://earthexplorer.usgs.gov/order/process?node=EC&dataset_name=LANDSAT_MSS&ordered=LM51750371984129AAA03,http://earthexplorer.usgs.gov/browse/mss/175/37/1984/LM51750371984129AAA03.jpg,,DAY,
LM51750351984145AAA03,,1984-05-24T07:43:04Z,1984-05-24T23:59:59Z,http://earthexplorer.usgs.gov/order/process?node=EC&dataset_name=LANDSAT_MSS&ordered=LM51750351984145AAA03,http://earthexplorer.usgs.gov/browse/mss/175/35/1984/LM51750351984145AAA03.jpg,,DAY,
LM51750361984145AAA03,,1984-05-24T07:44:00Z,1984-05-24T23:59:59Z,http://earthexplorer.usgs.gov/order/process?node=EC&dataset_name=LANDSAT_MSS&ordered=LM51750361984145AAA03,http://earthexplorer.usgs.gov/browse/mss/175/36/1984/LM51750361984145AAA03.jpg,,DAY,
LM51750371984145AAA03,,1984-05-24T07:44:02Z,1984-05-24T23:59:59Z,http://earthexplorer.usgs.gov/order/process?node=EC&dataset_name=LANDSAT_MSS&ordered=LM51750371984145AAA03,http://earthexplorer.usgs.gov/browse/mss/175/37/1984/LM51750371984145AAA03.jpg,,DAY,
LM51780351984150AAA03,,1984-05-29T08:02:02Z,1984-05-29T23:59:59Z,http://earthexplorer.usgs.gov/order/process?node=EC&dataset_name=LANDSAT_MSS&ordered=LM51780351984150AAA03,http://earthexplorer.usgs.gov/browse/mss/178/35/1984/LM51780351984150AAA03.jpg,,DAY,
LM51780361984150AAA03,,1984-05-29T08:02:04Z,1984-05-29T23:59:59Z,http://earthexplorer.usgs.gov/order/process?node=EC&dataset_name=LANDSAT_MSS&ordered=LM51780361984150AAA03,http://earthexplorer.usgs.gov/browse/mss/178/36/1984/LM51780361984150AAA03.jpg,,DAY,
LM51760351984152AAA03,,1984-05-31T07:50:00Z,1984-05-31T23:59:59Z,http://earthexplorer.usgs.gov/order/process?node=EC&dataset_name=LANDSAT_MSS&ordered=LM51760351984152AAA03,http://earthexplorer.usgs.gov/browse/mss/176/35/1984/LM51760351984152AAA03.jpg,,DAY,
LM51760361984152AAA03,,1984-05-31T07:50:02Z,1984-05-31T23:59:59Z,http://earthexplorer.usgs.gov/order/process?node=EC&dataset_name=LANDSAT_MSS&ordered=LM51760361984152AAA03,http://earthexplorer.usgs.gov/browse/mss/176/36/1984/LM51760361984152AAA03.jpg,,DAY,
LM51760371984152AAA03,,1984-05-31T07:50:05Z,1984-05-31T23:59:59Z,http://earthexplorer.usgs.gov/order/process?node=EC&dataset_name=LANDSAT_MSS&ordered=LM51760371984152AAA03,http://earthexplorer.usgs.gov/browse/mss/176/37/1984/LM51760371984152AAA03.jpg,,DAY,
LM51770351984159AAA03,,1984-06-07T07:56:02Z,1984-06-07T23:59:59Z,http://earthexplorer.usgs.gov/order/process?node=EC&dataset_name=LANDSAT_MSS&ordered=LM51770351984159AAA03,http://earthexplorer.usgs.gov/browse/mss/177/35/1984/LM51770351984159AAA03.jpg,,DAY,
LM51770361984159AAA05,,1984-06-07T07:56:04Z,1984-06-07T23:59:59Z,http://earthexplorer.usgs.gov/order/process?node=EC&dataset_name=LANDSAT_MSS&ordered=LM51770361984159AAA05,http://earthexplorer.usgs.gov/browse/mss/177/36/1984/LM51770361984159AAA05.jpg,,DAY,
LM51770371984159AAA03,,1984-06-07T07:57:00Z,1984-06-07T23:59:59Z,http://earthexplorer.usgs.gov/order/process?node=EC&dataset_name=LANDSAT_MSS&ordered=LM51770371984159AAA03,http://earthexplorer.usgs.gov/browse/mss/177/37/1984/LM51770371984159AAA03.jpg,,DAY,
LM51780351984166AAA03,,1984-06-14T08:02:04Z,1984-06-14T23:59:59Z,http://earthexplorer.usgs.gov/order/process?node=EC&dataset_name=LANDSAT_MSS&ordered=LM51780351984166AAA03,http://earthexplorer.usgs.gov/browse/mss/178/35/1984/LM51780351984166AAA03.jpg,,DAY,
LM51780361984166AAA03,,1984-06-14T08:03:00Z,1984-06-14T23:59:59Z,http://earthexplorer.usgs.gov/order/process?node=EC&dataset_name=LANDSAT_MSS&ordered=LM51780361984166AAA03,http://earthexplorer.usgs.gov/browse/mss/178/36/1984/LM51780361984166AAA03.jpg,,DAY,
LM51770351984175AAA03,,1984-06-23T07:56:03Z,1984-06-23T23:59:59Z,http://earthexplorer.usgs.gov/order/process?node=EC&dataset_name=LANDSAT_MSS&ordered=LM51770351984175AAA03,http://earthexplorer.usgs.gov/browse/mss/177/35/1984/LM51770351984175AAA03.jpg,,DAY,
LM51770361984175AAA03,,1984-06-23T07:57:00Z,1984-06-23T23:59:59Z,http://earthexplorer.usgs.gov/order/process?node=EC&dataset_name=LANDSAT_MSS&ordered=LM51770361984175AAA03,http://earthexplorer.usgs.gov/browse/mss/177/36/1984/LM51770361984175AAA03.jpg,,DAY,
LM51770371984175AAA03,,1984-06-23T07:57:02Z,1984-06-23T23:59:59Z,http://earthexplorer.usgs.gov/order/process?node=EC&dataset_name=LANDSAT_MSS&ordered=LM51770371984175AAA03,http://earthexplorer.usgs.gov/browse/mss/177/37/1984/LM51770371984175AAA03.jpg,,DAY,
LM51760351984184AAA02,,1984-07-02T07:50:03Z,1984-07-02T23:59:59Z,http://earthexplorer.usgs.gov/order/process?node=EC&dataset_name=LANDSAT_MSS&ordered=LM51760351984184AAA02,http://earthexplorer.usgs.gov/browse/mss/176/35/1984/LM51760351984184AAA02.jpg,,DAY,
LM51760361984184AAA03,,1984-07-02T07:50:05Z,1984-07-02T23:59:59Z,http://earthexplorer.usgs.gov/order/process?node=EC&dataset_name=LANDSAT_MSS&ordered=LM51760361984184AAA03,http://earthexplorer.usgs.gov/browse/mss/176/36/1984/LM51760361984184AAA03.jpg,,DAY,
LM51760371984184AAA03,,1984-07-02T07:51:02Z,1984-07-02T23:59:59Z,http://earthexplorer.usgs.gov/order/process?node=EC&dataset_name=LANDSAT_MSS&ordered=LM51760371984184AAA03,http://earthexplorer.usgs.gov/browse/mss/176/37/1984/LM51760371984184AAA03.jpg,,DAY,
LM51770351984191AAA03,,1984-07-09T07:56:04Z,1984-07-09T23:59:59Z,http://earthexplorer.usgs.gov/order/process?node=EC&dataset_name=LANDSAT_MSS&ordered=LM51770351984191AAA03,http://earthexplorer.usgs.gov/browse/mss/177/35/1984/LM51770351984191AAA03.jpg,,DAY,
LM51770361984191AAA03,,1984-07-09T07:57:01Z,1984-07-09T23:59:59Z,http://earthexplorer.usgs.gov/order/process?node=EC&dataset_name=LANDSAT_MSS&ordered=LM51770361984191AAA03,http://earthexplorer.usgs.gov/browse/mss/177/36/1984/LM51770361984191AAA03.jpg,,DAY,
LM51770371984191AAA03,,1984-07-09T07:57:03Z,1984-07-09T23:59:59Z,http://earthexplorer.usgs.gov/order/process?node=EC&dataset_name=LANDSAT_MSS&ordered=LM51770371984191AAA03,http://earthexplorer.usgs.gov/browse/mss/177/37/1984/LM51770371984191AAA03.jpg,,DAY,
LM51780351984198AAA03,,1984-07-16T08:03:00Z,1984-07-16T23:59:59Z,http://earthexplorer.usgs.gov/order/process?node=EC&dataset_name=LANDSAT_MSS&ordered=LM51780351984198AAA03,http://earthexplorer.usgs.gov/browse/mss/178/35/1984/LM51780351984198AAA03.jpg,,DAY,
LM51780361984198AAA03,,1984-07-16T08:03:03Z,1984-07-16T23:59:59Z,http://earthexplorer.usgs.gov/order/process?node=EC&dataset_name=LANDSAT_MSS&ordered=LM51780361984198AAA03,http://earthexplorer.usgs.gov/browse/mss/178/36/1984/LM51780361984198AAA03.jpg,,DAY,
LM51760351984200AAA03,,1984-07-18T07:50:04Z,1984-07-18T23:59:59Z,http://earthexplorer.usgs.gov/order/process?node=EC&dataset_name=LANDSAT_MSS&ordered=LM51760351984200AAA03,http://earthexplorer.usgs.gov/browse/mss/176/35/1984/LM51760351984200AAA03.jpg,,DAY,
LM51760361984200AAA03,,1984-07-18T07:51:01Z,1984-07-18T23:59:59Z,http://earthexplorer.usgs.gov/order/process?node=EC&dataset_name=LANDSAT_MSS&ordered=LM51760361984200AAA03,http://earthexplorer.usgs.gov/browse/mss/176/36/1984/LM51760361984200AAA03.jpg,,DAY,
LM51760371984200AAA03,,1984-07-18T07:51:03Z,1984-07-18T23:59:59Z,http://earthexplorer.usgs.gov/order/process?node=EC&dataset_name=LANDSAT_MSS&ordered=LM51760371984200AAA03,http://earthexplorer.usgs.gov/browse/mss/176/37/1984/LM51760371984200AAA03.jpg,,DAY,
LM51760371984216AAA03,,1984-08-03T00:00:00Z,1984-08-03T23:59:59Z,http://earthexplorer.usgs.gov/order/process?node=EC&dataset_name=LANDSAT_MSS&ordered=LM51760371984216AAA03,http://earthexplorer.usgs.gov/browse/mss/176/37/1984/LM51760371984216AAA03.jpg,,DAY,
LM51760361984216AAA03,,1984-08-03T00:00:00Z,1984-08-03T23:59:59Z,http://earthexplorer.usgs.gov/order/process?node=EC&dataset_name=LANDSAT_MSS&ordered=LM51760361984216AAA03,http://earthexplorer.usgs.gov/browse/mss/176/36/1984/LM51760361984216AAA03.jpg,,DAY,
LM51760351984216AAA03,,1984-08-03T00:00:00Z,1984-08-03T23:59:59Z,http://earthexplorer.usgs.gov/order/process?node=EC&dataset_name=LANDSAT_MSS&ordered=LM51760351984216AAA03,http://earthexplorer.usgs.gov/browse/mss/176/35/1984/LM51760351984216AAA03.jpg,,DAY,
LM51770351984223AAA03,,1984-08-10T07:57:04Z,1984-08-10T23:59:59Z,http://earthexplorer.usgs.gov/order/process?node=EC&dataset_name=LANDSAT_MSS&ordered=LM51770351984223AAA03,http://earthexplorer.usgs.gov/browse/mss/177/35/1984/LM51770351984223AAA03.jpg,,DAY,
LM51770361984223AAA03,,1984-08-10T07:58:01Z,1984-08-10T23:59:59Z,http://earthexplorer.usgs.gov/order/process?node=EC&dataset_name=LANDSAT_MSS&ordered=LM51770361984223AAA03,http://earthexplorer.usgs.gov/browse/mss/177/36/1984/LM51770361984223AAA03.jpg,,DAY,
LM51770371984223AAA03,,1984-08-10T07:58:03Z,1984-08-10T23:59:59Z,http://earthexplorer.usgs.gov/order/process?node=EC&dataset_name=LANDSAT_MSS&ordered=LM51770371984223AAA03,http://earthexplorer.usgs.gov/browse/mss/177/37/1984/LM51770371984223AAA03.jpg,,DAY,
LM51770351984271AAA03,,1984-09-27T07:58:01Z,1984-09-27T23:59:59Z,http://earthexplorer.usgs.gov/order/process?node=EC&dataset_name=LANDSAT_MSS&ordered=LM51770351984271AAA03,http://earthexplorer.usgs.gov/browse/mss/177/35/1984/LM51770351984271AAA03.jpg,,DAY,
LM51770361984271AAA03,,1984-09-27T07:58:04Z,1984-09-27T23:59:59Z,http://earthexplorer.usgs.gov/order/process?node=EC&dataset_name=LANDSAT_MSS&ordered=LM51770361984271AAA03,http://earthexplorer.usgs.gov/browse/mss/177/36/1984/LM51770361984271AAA03.jpg,,DAY,
LM51770371984271AAA03,,1984-09-27T07:59:00Z,1984-09-27T23:59:59Z,http://earthexplorer.usgs.gov/order/process?node=EC&dataset_name=LANDSAT_MSS&ordered=LM51770371984271AAA03,http://earthexplorer.usgs.gov/browse/mss/177/37/1984/LM51770371984271AAA03.jpg,,DAY,
LM51750351984273AAA03,,1984-09-29T07:45:05Z,1984-09-29T23:59:59Z,http://earthexplorer.usgs.gov/order/process?node=EC&dataset_name=LANDSAT_MSS&ordered=LM51750351984273AAA03,http://earthexplorer.usgs.gov/browse/mss/175/35/1984/LM51750351984273AAA03.jpg,,DAY,
LM51750361984273AAA03,,1984-09-29T07:46:02Z,1984-09-29T23:59:59Z,http://earthexplorer.usgs.gov/order/process?node=EC&dataset_name=LANDSAT_MSS&ordered=LM51750361984273AAA03,http://earthexplorer.usgs.gov/browse/mss/175/36/1984/LM51750361984273AAA03.jpg,,DAY,
LM51750371984273AAA03,,1984-09-29T07:46:04Z,1984-09-29T23:59:59Z,http://earthexplorer.usgs.gov/order/process?node=EC&dataset_name=LANDSAT_MSS&ordered=LM51750371984273AAA03,http://earthexplorer.usgs.gov/browse/mss/175/37/1984/LM51750371984273AAA03.jpg,,DAY,
LM51750351984289AAA03,,1984-10-15T07:45:05Z,1984-10-15T23:59:59Z,http://earthexplorer.usgs.gov/order/process?node=EC&dataset_name=LANDSAT_MSS&ordered=LM51750351984289AAA03,http://earthexplorer.usgs.gov/browse/mss/175/35/1984/LM51750351984289AAA03.jpg,,DAY,
LM51750361984289AAA03,,1984-10-15T07:46:01Z,1984-10-15T23:59:59Z,http://earthexplorer.usgs.gov/order/process?node=EC&dataset_name=LANDSAT_MSS&ordered=LM51750361984289AAA03,http://earthexplorer.usgs.gov/browse/mss/175/36/1984/LM51750361984289AAA03.jpg,,DAY,
LM51750371984289AAA03,,1984-10-15T07:46:04Z,1984-10-15T23:59:59Z,http://earthexplorer.usgs.gov/order/process?node=EC&dataset_name=LANDSAT_MSS&ordered=LM51750371984289AAA03,http://earthexplorer.usgs.gov/browse/mss/175/37/1984/LM51750371984289AAA03.jpg,,DAY,
LM51780351984294AAA03,,1984-10-20T08:04:02Z,1984-10-20T23:59:59Z,http://earthexplorer.usgs.gov/order/process?node=EC&dataset_name=LANDSAT_MSS&ordered=LM51780351984294AAA03,http://earthexplorer.usgs.gov/browse/mss/178/35/1984/LM51780351984294AAA03.jpg,,DAY,
LM51780361984294AAA03,,1984-10-20T08:04:05Z,1984-10-20T23:59:59Z,http://earthexplorer.usgs.gov/order/process?node=EC&dataset_name=LANDSAT_MSS&ordered=LM51780361984294AAA03,http://earthexplorer.usgs.gov/browse/mss/178/36/1984/LM51780361984294AAA03.jpg,,DAY,
LM51760351984296AAA03,,1984-10-22T07:52:00Z,1984-10-22T23:59:59Z,http://earthexplorer.usgs.gov/order/process?node=EC&dataset_name=LANDSAT_MSS&ordered=LM51760351984296AAA03,http://earthexplorer.usgs.gov/browse/mss/176/35/1984/LM51760351984296AAA03.jpg,,DAY,
LM51760361984296AAA03,,1984-10-22T07:52:02Z,1984-10-22T23:59:59Z,http://earthexplorer.usgs.gov/order/process?node=EC&dataset_name=LANDSAT_MSS&ordered=LM51760361984296AAA03,http://earthexplorer.usgs.gov/browse/mss/176/36/1984/LM51760361984296AAA03.jpg,,DAY,
LM51760371984296AAA03,,1984-10-22T07:52:05Z,1984-10-22T23:59:59Z,http://earthexplorer.usgs.gov/order/process?node=EC&dataset_name=LANDSAT_MSS&ordered=LM51760371984296AAA03,http://earthexplorer.usgs.gov/browse/mss/176/37/1984/LM51760371984296AAA03.jpg,,DAY,
LM51750351984305AAA03,,1984-10-31T07:45:04Z,1984-10-31T23:59:59Z,http://earthexplorer.usgs.gov/order/process?node=EC&dataset_name=LANDSAT_MSS&ordered=LM51750351984305AAA03,http://earthexplorer.usgs.gov/browse/mss/175/35/1984/LM51750351984305AAA03.jpg,,DAY,
LM51750361984305AAA03,,1984-10-31T07:46:01Z,1984-10-31T23:59:59Z,http://earthexplorer.usgs.gov/order/process?node=EC&dataset_name=LANDSAT_MSS&ordered=LM51750361984305AAA03,http://earthexplorer.usgs.gov/browse/mss/175/36/1984/LM51750361984305AAA03.jpg,,DAY,
LM51750371984305AAA03,,1984-10-31T07:46:03Z,1984-10-31T23:59:59Z,http://earthexplorer.usgs.gov/order/process?node=EC&dataset_name=LANDSAT_MSS&ordered=LM51750371984305AAA03,http://earthexplorer.usgs.gov/browse/mss/175/37/1984/LM51750371984305AAA03.jpg,,DAY,
LM51780351984310AAA03,,1984-11-05T08:04:01Z,1984-11-05T23:59:59Z,http://earthexplorer.usgs.gov/order/process?node=EC&dataset_name=LANDSAT_MSS&ordered=LM51780351984310AAA03,http://earthexplorer.usgs.gov/browse/mss/178/35/1984/LM51780351984310AAA03.jpg,,DAY,
LM51780361984310AAA03,,1984-11-05T08:04:04Z,1984-11-05T23:59:59Z,http://earthexplorer.usgs.gov/order/process?node=EC&dataset_name=LANDSAT_MSS&ordered=LM51780361984310AAA03,http://earthexplorer.usgs.gov/browse/mss/178/36/1984/LM51780361984310AAA03.jpg,,DAY,
LM51750351984321AAA05,,1984-11-16T07:45:04Z,1984-11-16T23:59:59Z,http://earthexplorer.usgs.gov/order/process?node=EC&dataset_name=LANDSAT_MSS&ordered=LM51750351984321AAA05,http://earthexplorer.usgs.gov/browse/mss/175/35/1984/LM51750351984321AAA05.jpg,,DAY,
LM51770351985081AAA03,,1985-03-22T07:58:03Z,1985-03-22T23:59:59Z,http://earthexplorer.usgs.gov/order/process?node=EC&dataset_name=LANDSAT_MSS&ordered=LM51770351985081AAA03,http://earthexplorer.usgs.gov/browse/mss/177/35/1985/LM51770351985081AAA03.jpg,,DAY,
LM51770361985081AAA03,,1985-03-22T07:59:00Z,1985-03-22T23:59:59Z,http://earthexplorer.usgs.gov/order/process?node=EC&dataset_name=LANDSAT_MSS&ordered=LM51770361985081AAA03,http://earthexplorer.usgs.gov/browse/mss/177/36/1985/LM51770361985081AAA03.jpg,,DAY,
LM51770371985081AAA03,,1985-03-22T07:59:02Z,1985-03-22T23:59:59Z,http://earthexplorer.usgs.gov/order/process?node=EC&dataset_name=LANDSAT_MSS&ordered=LM51770371985081AAA03,http://earthexplorer.usgs.gov/browse/mss/177/37/1985/LM51770371985081AAA03.jpg,,DAY,
LM51750351985083AAA03,,1985-03-24T07:46:01Z,1985-03-24T23:59:59Z,http://earthexplorer.usgs.gov/order/process?node=EC&dataset_name=LANDSAT_MSS&ordered=LM51750351985083AAA03,http://earthexplorer.usgs.gov/browse/mss/175/35/1985/LM51750351985083AAA03.jpg,,DAY,
LM51750361985083AAA03,,1985-03-24T07:46:03Z,1985-03-24T23:59:59Z,http://earthexplorer.usgs.gov/order/process?node=EC&dataset_name=LANDSAT_MSS&ordered=LM51750361985083AAA03,http://earthexplorer.usgs.gov/browse/mss/175/36/1985/LM51750361985083AAA03.jpg,,DAY,
LM51750371985083AAA03,,1985-03-24T07:47:00Z,1985-03-24T23:59:59Z,http://earthexplorer.usgs.gov/order/process?node=EC&dataset_name=LANDSAT_MSS&ordered=LM51750371985083AAA03,http://earthexplorer.usgs.gov/browse/mss/175/37/1985/LM51750371985083AAA03.jpg,,DAY,
LM51780351985104AAA03,,1985-04-14T08:04:04Z,1985-04-14T23:59:59Z,http://earthexplorer.usgs.gov/order/process?node=EC&dataset_name=LANDSAT_MSS&ordered=LM51780351985104AAA03,http://earthexplorer.usgs.gov/browse/mss/178/35/1985/LM51780351985104AAA03.jpg,,DAY,
LM51780361985104AAA03,,1985-04-14T08:05:00Z,1985-04-14T23:59:59Z,http://earthexplorer.usgs.gov/order/process?node=EC&dataset_name=LANDSAT_MSS&ordered=LM51780361985104AAA03,http://earthexplorer.usgs.gov/browse/mss/178/36/1985/LM51780361985104AAA03.jpg,,DAY,
LM51750351985115AAA03,,1985-04-25T07:46:00Z,1985-04-25T23:59:59Z,http://earthexplorer.usgs.gov/order/process?node=EC&dataset_name=LANDSAT_MSS&ordered=LM51750351985115AAA03,http://earthexplorer.usgs.gov/browse/mss/175/35/1985/LM51750351985115AAA03.jpg,,DAY,
LM51750361985115AAA03,,1985-04-25T07:46:02Z,1985-04-25T23:59:59Z,http://earthexplorer.usgs.gov/order/process?node=EC&dataset_name=LANDSAT_MSS&ordered=LM51750361985115AAA03,http://earthexplorer.usgs.gov/browse/mss/175/36/1985/LM51750361985115AAA03.jpg,,DAY,
LM51770351985129AAA03,,1985-05-09T07:58:01Z,1985-05-09T23:59:59Z,http://earthexplorer.usgs.gov/order/process?node=EC&dataset_name=LANDSAT_MSS&ordered=LM51770351985129AAA03,http://earthexplorer.usgs.gov/browse/mss/177/35/1985/LM51770351985129AAA03.jpg,,DAY,
LM51770361985129AAA03,,1985-05-09T07:58:04Z,1985-05-09T23:59:59Z,http://earthexplorer.usgs.gov/order/process?node=EC&dataset_name=LANDSAT_MSS&ordered=LM51770361985129AAA03,http://earthexplorer.usgs.gov/browse/mss/177/36/1985/LM51770361985129AAA03.jpg,,DAY,
LM51770371985129AAA03,,1985-05-09T07:59:00Z,1985-05-09T23:59:59Z,http://earthexplorer.usgs.gov/order/process?node=EC&dataset_name=LANDSAT_MSS&ordered=LM51770371985129AAA03,http://earthexplorer.usgs.gov/browse/mss/177/37/1985/LM51770371985129AAA03.jpg,,DAY,
LM51750351985131AAA03,,1985-05-11T07:45:05Z,1985-05-11T23:59:59Z,http://earthexplorer.usgs.gov/order/process?node=EC&dataset_name=LANDSAT_MSS&ordered=LM51750351985131AAA03,http://earthexplorer.usgs.gov/browse/mss/175/35/1985/LM51750351985131AAA03.jpg,,DAY,
LM51750361985131AAA03,,1985-05-11T07:46:02Z,1985-05-11T23:59:59Z,http://earthexplorer.usgs.gov/order/process?node=EC&dataset_name=LANDSAT_MSS&ordered=LM51750361985131AAA03,http://earthexplorer.usgs.gov/browse/mss/175/36/1985/LM51750361985131AAA03.jpg,,DAY,
LM51750351985163AAA03,,1985-06-12T07:45:05Z,1985-06-12T23:59:59Z,http://earthexplorer.usgs.gov/order/process?node=EC&dataset_name=LANDSAT_MSS&ordered=LM51750351985163AAA03,http://earthexplorer.usgs.gov/browse/mss/175/35/1985/LM51750351985163AAA03.jpg,,DAY,
LM51760351985170AAA05,,1985-06-19T07:52:00Z,1985-06-19T23:59:59Z,http://earthexplorer.usgs.gov/order/process?node=EC&dataset_name=LANDSAT_MSS&ordered=LM51760351985170AAA05,http://earthexplorer.usgs.gov/browse/mss/176/35/1985/LM51760351985170AAA05.jpg,,DAY,
LM51760361985170AAA04,,1985-06-19T07:52:02Z,1985-06-19T23:59:59Z,http://earthexplorer.usgs.gov/order/process?node=EC&dataset_name=LANDSAT_MSS&ordered=LM51760361985170AAA04,http://earthexplorer.usgs.gov/browse/mss/176/36/1985/LM51760361985170AAA04.jpg,,DAY,
LM51760371985170AAA03,,1985-06-19T07:52:05Z,1985-06-19T23:59:59Z,http://earthexplorer.usgs.gov/order/process?node=EC&dataset_name=LANDSAT_MSS&ordered=LM51760371985170AAA03,http://earthexplorer.usgs.gov/browse/mss/176/37/1985/LM51760371985170AAA03.jpg,,DAY,
LM51770351985177AAA03,,1985-06-26T07:58:01Z,1985-06-26T23:59:59Z,http://earthexplorer.usgs.gov/order/process?node=EC&dataset_name=LANDSAT_MSS&ordered=LM51770351985177AAA03,http://earthexplorer.usgs.gov/browse/mss/177/35/1985/LM51770351985177AAA03.jpg,,DAY,
LM51770361985177AAA03,,1985-06-26T07:58:03Z,1985-06-26T23:59:59Z,http://earthexplorer.usgs.gov/order/process?node=EC&dataset_name=LANDSAT_MSS&ordered=LM51770361985177AAA03,http://earthexplorer.usgs.gov/browse/mss/177/36/1985/LM51770361985177AAA03.jpg,,DAY,
LM51770371985177AAA03,,1985-06-26T07:59:00Z,1985-06-26T23:59:59Z,http://earthexplorer.usgs.gov/order/process?node=EC&dataset_name=LANDSAT_MSS&ordered=LM51770371985177AAA03,http://earthexplorer.usgs.gov/browse/mss/177/37/1985/LM51770371985177AAA03.jpg,,DAY,
LM51750351985179AAA03,,1985-06-28T07:45:05Z,1985-06-28T23:59:59Z,http://earthexplorer.usgs.gov/order/process?node=EC&dataset_name=LANDSAT_MSS&ordered=LM51750351985179AAA03,http://earthexplorer.usgs.gov/browse/mss/175/35/1985/LM51750351985179AAA03.jpg,,DAY,
LM51770351985193AAA04,,1985-07-12T07:58:00Z,1985-07-12T23:59:59Z,http://earthexplorer.usgs.gov/order/process?node=EC&dataset_name=LANDSAT_MSS&ordered=LM51770351985193AAA04,http://earthexplorer.usgs.gov/browse/mss/177/35/1985/LM51770351985193AAA04.jpg,,DAY,
LM51770361985193AAA04,,1985-07-12T07:58:03Z,1985-07-12T23:59:59Z,http://earthexplorer.usgs.gov/order/process?node=EC&dataset_name=LANDSAT_MSS&ordered=LM51770361985193AAA04,http://earthexplorer.usgs.gov/browse/mss/177/36/1985/LM51770361985193AAA04.jpg,,DAY,
LM51770371985193AAA04,,1985-07-12T07:58:05Z,1985-07-12T23:59:59Z,http://earthexplorer.usgs.gov/order/process?node=EC&dataset_name=LANDSAT_MSS&ordered=LM51770371985193AAA04,http://earthexplorer.usgs.gov/browse/mss/177/37/1985/LM51770371985193AAA04.jpg,,DAY,
LM51770351985209AAA03,,1985-07-28T07:58:00Z,1985-07-28T23:59:59Z,http://earthexplorer.usgs.gov/order/process?node=EC&dataset_name=LANDSAT_MSS&ordered=LM51770351985209AAA03,http://earthexplorer.usgs.gov/browse/mss/177/35/1985/LM51770351985209AAA03.jpg,,DAY,
LM51770361985209AAA03,,1985-07-28T07:58:02Z,1985-07-28T23:59:59Z,http://earthexplorer.usgs.gov/order/process?node=EC&dataset_name=LANDSAT_MSS&ordered=LM51770361985209AAA03,http://earthexplorer.usgs.gov/browse/mss/177/36/1985/LM51770361985209AAA03.jpg,,DAY,
LM51770371985209AAA03,,1985-07-28T07:58:04Z,1985-07-28T23:59:59Z,http://earthexplorer.usgs.gov/order/process?node=EC&dataset_name=LANDSAT_MSS&ordered=LM51770371985209AAA03,http://earthexplorer.usgs.gov/browse/mss/177/37/1985/LM51770371985209AAA03.jpg,,DAY,
LM51770351985225AAA03,,1985-08-13T07:57:05Z,1985-08-13T23:59:59Z,http://earthexplorer.usgs.gov/order/process?node=EC&dataset_name=LANDSAT_MSS&ordered=LM51770351985225AAA03,http://earthexplorer.usgs.gov/browse/mss/177/35/1985/LM51770351985225AAA03.jpg,,DAY,
LM51770361985225AAA03,,1985-08-13T07:58:01Z,1985-08-13T23:59:59Z,http://earthexplorer.usgs.gov/order/process?node=EC&dataset_name=LANDSAT_MSS&ordered=LM51770361985225AAA03,http://earthexplorer.usgs.gov/browse/mss/177/36/1985/LM51770361985225AAA03.jpg,,DAY,
LM51770371985225AAA03,,1985-08-13T07:58:04Z,1985-08-13T23:59:59Z,http://earthexplorer.usgs.gov/order/process?node=EC&dataset_name=LANDSAT_MSS&ordered=LM51770371985225AAA03,http://earthexplorer.usgs.gov/browse/mss/177/37/1985/LM51770371985225AAA03.jpg,,DAY,
LM51750351985307AAA03,,1985-11-03T07:44:03Z,1985-11-03T23:59:59Z,http://earthexplorer.usgs.gov/order/process?node=EC&dataset_name=LANDSAT_MSS&ordered=LM51750351985307AAA03,http://earthexplorer.usgs.gov/browse/mss/175/35/1985/LM51750351985307AAA03.jpg,,DAY,
LM51750361985307AAA03,,1985-11-03T07:44:05Z,1985-11-03T23:59:59Z,http://earthexplorer.usgs.gov/order/process?node=EC&dataset_name=LANDSAT_MSS&ordered=LM51750361985307AAA03,http://earthexplorer.usgs.gov/browse/mss/175/36/1985/LM51750361985307AAA03.jpg,,DAY,
LM51750371985307AAA03,,1985-11-03T07:45:02Z,1985-11-03T23:59:59Z,http://earthexplorer.usgs.gov/order/process?node=EC&dataset_name=LANDSAT_MSS&ordered=LM51750371985307AAA03,http://earthexplorer.usgs.gov/browse/mss/175/37/1985/LM51750371985307AAA03.jpg,,DAY,
LM51780351987094AAA03,,1987-04-04T07:56:05Z,1987-04-04T23:59:59Z,http://earthexplorer.usgs.gov/order/process?node=EC&dataset_name=LANDSAT_MSS&ordered=LM51780351987094AAA03,http://earthexplorer.usgs.gov/browse/mss/178/35/1987/LM51780351987094AAA03.jpg,,DAY,
LM51780361987094AAA03,,1987-04-04T07:57:02Z,1987-04-04T23:59:59Z,http://earthexplorer.usgs.gov/order/process?node=EC&dataset_name=LANDSAT_MSS&ordered=LM51780361987094AAA03,http://earthexplorer.usgs.gov/browse/mss/178/36/1987/LM51780361987094AAA03.jpg,,DAY,
LM51760351987096AAA03,,1987-04-06T07:44:03Z,1987-04-06T23:59:59Z,http://earthexplorer.usgs.gov/order/process?node=EC&dataset_name=LANDSAT_MSS&ordered=LM51760351987096AAA03,http://earthexplorer.usgs.gov/browse/mss/176/35/1987/LM51760351987096AAA03.jpg,,DAY,
LM51760361987096AAA03,,1987-04-06T07:45:00Z,1987-04-06T23:59:59Z,http://earthexplorer.usgs.gov/order/process?node=EC&dataset_name=LANDSAT_MSS&ordered=LM51760361987096AAA03,http://earthexplorer.usgs.gov/browse/mss/176/36/1987/LM51760361987096AAA03.jpg,,DAY,
LM51760371987096AAA03,,1987-04-06T07:45:02Z,1987-04-06T23:59:59Z,http://earthexplorer.usgs.gov/order/process?node=EC&dataset_name=LANDSAT_MSS&ordered=LM51760371987096AAA03,http://earthexplorer.usgs.gov/browse/mss/176/37/1987/LM51760371987096AAA03.jpg,,DAY,
LM51770351987103AAA03,,1987-04-13T07:51:00Z,1987-04-13T23:59:59Z,http://earthexplorer.usgs.gov/order/process?node=EC&dataset_name=LANDSAT_MSS&ordered=LM51770351987103AAA03,http://earthexplorer.usgs.gov/browse/mss/177/35/1987/LM51770351987103AAA03.jpg,,DAY,
LM51770361987103AAA03,,1987-04-13T07:51:02Z,1987-04-13T23:59:59Z,http://earthexplorer.usgs.gov/order/process?node=EC&dataset_name=LANDSAT_MSS&ordered=LM51770361987103AAA03,http://earthexplorer.usgs.gov/browse/mss/177/36/1987/LM51770361987103AAA03.jpg,,DAY,
LM51770371987103AAA03,,1987-04-13T07:51:05Z,1987-04-13T23:59:59Z,http://earthexplorer.usgs.gov/order/process?node=EC&dataset_name=LANDSAT_MSS&ordered=LM51770371987103AAA03,http://earthexplorer.usgs.gov/browse/mss/177/37/1987/LM51770371987103AAA03.jpg,,DAY,
LM51750351987105AAA03,,1987-04-15T07:38:04Z,1987-04-15T23:59:59Z,http://earthexplorer.usgs.gov/order/process?node=EC&dataset_name=LANDSAT_MSS&ordered=LM51750351987105AAA03,http://earthexplorer.usgs.gov/browse/mss/175/35/1987/LM51750351987105AAA03.jpg,,DAY,
LM51750361987105AAA03,,1987-04-15T07:39:01Z,1987-04-15T23:59:59Z,http://earthexplorer.usgs.gov/order/process?node=EC&dataset_name=LANDSAT_MSS&ordered=LM51750361987105AAA03,http://earthexplorer.usgs.gov/browse/mss/175/36/1987/LM51750361987105AAA03.jpg,,DAY,
LM51750371987105AAA03,,1987-04-15T07:39:03Z,1987-04-15T23:59:59Z,http://earthexplorer.usgs.gov/order/process?node=EC&dataset_name=LANDSAT_MSS&ordered=LM51750371987105AAA03,http://earthexplorer.usgs.gov/browse/mss/175/37/1987/LM51750371987105AAA03.jpg,,DAY,
LM51780351987110AAA03,,1987-04-20T07:57:02Z,1987-04-20T23:59:59Z,http://earthexplorer.usgs.gov/order/process?node=EC&dataset_name=LANDSAT_MSS&ordered=LM51780351987110AAA03,http://earthexplorer.usgs.gov/browse/mss/178/35/1987/LM51780351987110AAA03.jpg,,DAY,
LM51780361987110AAA03,,1987-04-20T07:57:05Z,1987-04-20T23:59:59Z,http://earthexplorer.usgs.gov/order/process?node=EC&dataset_name=LANDSAT_MSS&ordered=LM51780361987110AAA03,http://earthexplorer.usgs.gov/browse/mss/178/36/1987/LM51780361987110AAA03.jpg,,DAY,
LM51760351987112AAA03,,1987-04-22T07:45:01Z,1987-04-22T23:59:59Z,http://earthexplorer.usgs.gov/order/process?node=EC&dataset_name=LANDSAT_MSS&ordered=LM51760351987112AAA03,http://earthexplorer.usgs.gov/browse/mss/176/35/1987/LM51760351987112AAA03.jpg,,DAY,
LM51760361987112AAA03,,1987-04-22T07:45:03Z,1987-04-22T23:59:59Z,http://earthexplorer.usgs.gov/order/process?node=EC&dataset_name=LANDSAT_MSS&ordered=LM51760361987112AAA03,http://earthexplorer.usgs.gov/browse/mss/176/36/1987/LM51760361987112AAA03.jpg,,DAY,
LM51760371987112AAA03,,1987-04-22T07:45:05Z,1987-04-22T23:59:59Z,http://earthexplorer.usgs.gov/order/process?node=EC&dataset_name=LANDSAT_MSS&ordered=LM51760371987112AAA03,http://earthexplorer.usgs.gov/browse/mss/176/37/1987/LM51760371987112AAA03.jpg,,DAY,
LM51770351987119AAA03,,1987-04-29T07:51:03Z,1987-04-29T23:59:59Z,http://earthexplorer.usgs.gov/order/process?node=EC&dataset_name=LANDSAT_MSS&ordered=LM51770351987119AAA03,http://earthexplorer.usgs.gov/browse/mss/177/35/1987/LM51770351987119AAA03.jpg,,DAY,
LM51770361987119AAA03,,1987-04-29T07:51:05Z,1987-04-29T23:59:59Z,http://earthexplorer.usgs.gov/order/process?node=EC&dataset_name=LANDSAT_MSS&ordered=LM51770361987119AAA03,http://earthexplorer.usgs.gov/browse/mss/177/36/1987/LM51770361987119AAA03.jpg,,DAY,
LM51770371987119AAA03,,1987-04-29T07:52:02Z,1987-04-29T23:59:59Z,http://earthexplorer.usgs.gov/order/process?node=EC&dataset_name=LANDSAT_MSS&ordered=LM51770371987119AAA03,http://earthexplorer.usgs.gov/browse/mss/177/37/1987/LM51770371987119AAA03.jpg,,DAY,
LM51750351987121AAA03,,1987-05-01T07:39:01Z,1987-05-01T23:59:59Z,http://earthexplorer.usgs.gov/order/process?node=EC&dataset_name=LANDSAT_MSS&ordered=LM51750351987121AAA03,http://earthexplorer.usgs.gov/browse/mss/175/35/1987/LM51750351987121AAA03.jpg,,DAY,
LM51750361987121AAA04,,1987-05-01T07:39:03Z,1987-05-01T23:59:59Z,http://earthexplorer.usgs.gov/order/process?node=EC&dataset_name=LANDSAT_MSS&ordered=LM51750361987121AAA04,http://earthexplorer.usgs.gov/browse/mss/175/36/1987/LM51750361987121AAA04.jpg,,DAY,
LM51750371987121AAA03,,1987-05-01T07:40:00Z,1987-05-01T23:59:59Z,http://earthexplorer.usgs.gov/order/process?node=EC&dataset_name=LANDSAT_MSS&ordered=LM51750371987121AAA03,http://earthexplorer.usgs.gov/browse/mss/175/37/1987/LM51750371987121AAA03.jpg,,DAY,
LM51780351987126AAA03,,1987-05-06T07:57:05Z,1987-05-06T23:59:59Z,http://earthexplorer.usgs.gov/order/process?node=EC&dataset_name=LANDSAT_MSS&ordered=LM51780351987126AAA03,http://earthexplorer.usgs.gov/browse/mss/178/35/1987/LM51780351987126AAA03.jpg,,DAY,
LM51780361987126AAA03,,1987-05-06T07:58:02Z,1987-05-06T23:59:59Z,http://earthexplorer.usgs.gov/order/process?node=EC&dataset_name=LANDSAT_MSS&ordered=LM51780361987126AAA03,http://earthexplorer.usgs.gov/browse/mss/178/36/1987/LM51780361987126AAA03.jpg,,DAY,
LM51760351987128AAA03,,1987-05-08T07:45:03Z,1987-05-08T23:59:59Z,http://earthexplorer.usgs.gov/order/process?node=EC&dataset_name=LANDSAT_MSS&ordered=LM51760351987128AAA03,http://earthexplorer.usgs.gov/browse/mss/176/35/1987/LM51760351987128AAA03.jpg,,DAY,
LM51760361987128AAA03,,1987-05-08T07:46:00Z,1987-05-08T23:59:59Z,http://earthexplorer.usgs.gov/order/process?node=EC&dataset_name=LANDSAT_MSS&ordered=LM51760361987128AAA03,http://earthexplorer.usgs.gov/browse/mss/176/36/1987/LM51760361987128AAA03.jpg,,DAY,
LM51760371987128AAA03,,1987-05-08T07:46:02Z,1987-05-08T23:59:59Z,http://earthexplorer.usgs.gov/order/process?node=EC&dataset_name=LANDSAT_MSS&ordered=LM51760371987128AAA03,http://earthexplorer.usgs.gov/browse/mss/176/37/1987/LM51760371987128AAA03.jpg,,DAY,
LM51770371987135AAA03,,1987-05-15T00:00:00Z,1987-05-15T23:59:59Z,http://earthexplorer.usgs.gov/order/process?node=EC&dataset_name=LANDSAT_MSS&ordered=LM51770371987135AAA03,http://earthexplorer.usgs.gov/browse/mss/177/37/1987/LM51770371987135AAA03.jpg,,DAY,
LM51770361987135AAA03,,1987-05-15T00:00:00Z,1987-05-15T23:59:59Z,http://earthexplorer.usgs.gov/order/process?node=EC&dataset_name=LANDSAT_MSS&ordered=LM51770361987135AAA03,http://earthexplorer.usgs.gov/browse/mss/177/36/1987/LM51770361987135AAA03.jpg,,DAY,
LM51770351987135AAA03,,1987-05-15T00:00:00Z,1987-05-15T23:59:59Z,http://earthexplorer.usgs.gov/order/process?node=EC&dataset_name=LANDSAT_MSS&ordered=LM51770351987135AAA03,http://earthexplorer.usgs.gov/browse/mss/177/35/1987/LM51770351987135AAA03.jpg,,DAY,
LM51750351987137AAA03,,1987-05-17T07:39:04Z,1987-05-17T23:59:59Z,http://earthexplorer.usgs.gov/order/process?node=EC&dataset_name=LANDSAT_MSS&ordered=LM51750351987137AAA03,http://earthexplorer.usgs.gov/browse/mss/175/35/1987/LM51750351987137AAA03.jpg,,DAY,
LM51750361987137AAA03,,1987-05-17T07:40:00Z,1987-05-17T23:59:59Z,http://earthexplorer.usgs.gov/order/process?node=EC&dataset_name=LANDSAT_MSS&ordered=LM51750361987137AAA03,http://earthexplorer.usgs.gov/browse/mss/175/36/1987/LM51750361987137AAA03.jpg,,DAY,
LM51750371987137AAA03,,1987-05-17T07:40:03Z,1987-05-17T23:59:59Z,http://earthexplorer.usgs.gov/order/process?node=EC&dataset_name=LANDSAT_MSS&ordered=LM51750371987137AAA03,http://earthexplorer.usgs.gov/browse/mss/175/37/1987/LM51750371987137AAA03.jpg,,DAY,
LM51780351987142AAA03,,1987-05-22T07:58:02Z,1987-05-22T23:59:59Z,http://earthexplorer.usgs.gov/order/process?node=EC&dataset_name=LANDSAT_MSS&ordered=LM51780351987142AAA03,http://earthexplorer.usgs.gov/browse/mss/178/35/1987/LM51780351987142AAA03.jpg,,DAY,
LM51780361987142AAA03,,1987-05-22T07:58:04Z,1987-05-22T23:59:59Z,http://earthexplorer.usgs.gov/order/process?node=EC&dataset_name=LANDSAT_MSS&ordered=LM51780361987142AAA03,http://earthexplorer.usgs.gov/browse/mss/178/36/1987/LM51780361987142AAA03.jpg,,DAY,
LM51760351987144AAA03,,1987-05-24T07:46:00Z,1987-05-24T23:59:59Z,http://earthexplorer.usgs.gov/order/process?node=EC&dataset_name=LANDSAT_MSS&ordered=LM51760351987144AAA03,http://earthexplorer.usgs.gov/browse/mss/176/35/1987/LM51760351987144AAA03.jpg,,DAY,
LM51760361987144AAA03,,1987-05-24T07:46:02Z,1987-05-24T23:59:59Z,http://earthexplorer.usgs.gov/order/process?node=EC&dataset_name=LANDSAT_MSS&ordered=LM51760361987144AAA03,http://earthexplorer.usgs.gov/browse/mss/176/36/1987/LM51760361987144AAA03.jpg,,DAY,
LM51760371987144AAA03,,1987-05-24T07:46:05Z,1987-05-24T23:59:59Z,http://earthexplorer.usgs.gov/order/process?node=EC&dataset_name=LANDSAT_MSS&ordered=LM51760371987144AAA03,http://earthexplorer.usgs.gov/browse/mss/176/37/1987/LM51760371987144AAA03.jpg,,DAY,
LM51770351987151AAA03,,1987-05-31T07:52:02Z,1987-05-31T23:59:59Z,http://earthexplorer.usgs.gov/order/process?node=EC&dataset_name=LANDSAT_MSS&ordered=LM51770351987151AAA03,http://earthexplorer.usgs.gov/browse/mss/177/35/1987/LM51770351987151AAA03.jpg,,DAY,
LM51770361987151AAA03,,1987-05-31T07:52:04Z,1987-05-31T23:59:59Z,http://earthexplorer.usgs.gov/order/process?node=EC&dataset_name=LANDSAT_MSS&ordered=LM51770361987151AAA03,http://earthexplorer.usgs.gov/browse/mss/177/36/1987/LM51770361987151AAA03.jpg,,DAY,
LM51770371987151AAA03,,1987-05-31T07:53:01Z,1987-05-31T23:59:59Z,http://earthexplorer.usgs.gov/order/process?node=EC&dataset_name=LANDSAT_MSS&ordered=LM51770371987151AAA03,http://earthexplorer.usgs.gov/browse/mss/177/37/1987/LM51770371987151AAA03.jpg,,DAY,
LM51750351987153AAA03,,1987-06-02T07:40:00Z,1987-06-02T23:59:59Z,http://earthexplorer.usgs.gov/order/process?node=EC&dataset_name=LANDSAT_MSS&ordered=LM51750351987153AAA03,http://earthexplorer.usgs.gov/browse/mss/175/35/1987/LM51750351987153AAA03.jpg,,DAY,
LM51750361987153AAA03,,1987-06-02T07:40:03Z,1987-06-02T23:59:59Z,http://earthexplorer.usgs.gov/order/process?node=EC&dataset_name=LANDSAT_MSS&ordered=LM51750361987153AAA03,http://earthexplorer.usgs.gov/browse/mss/175/36/1987/LM51750361987153AAA03.jpg,,DAY,
LM51750371987153AAA03,,1987-06-02T07:40:05Z,1987-06-02T23:59:59Z,http://earthexplorer.usgs.gov/order/process?node=EC&dataset_name=LANDSAT_MSS&ordered=LM51750371987153AAA03,http://earthexplorer.usgs.gov/browse/mss/175/37/1987/LM51750371987153AAA03.jpg,,DAY,
LM51780351987158AAA03,,1987-06-07T07:58:04Z,1987-06-07T23:59:59Z,http://earthexplorer.usgs.gov/order/process?node=EC&dataset_name=LANDSAT_MSS&ordered=LM51780351987158AAA03,http://earthexplorer.usgs.gov/browse/mss/178/35/1987/LM51780351987158AAA03.jpg,,DAY,
LM51780361987158AAA03,,1987-06-07T07:59:01Z,1987-06-07T23:59:59Z,http://earthexplorer.usgs.gov/order/process?node=EC&dataset_name=LANDSAT_MSS&ordered=LM51780361987158AAA03,http://earthexplorer.usgs.gov/browse/mss/178/36/1987/LM51780361987158AAA03.jpg,,DAY,
LM51760351987160AAA03,,1987-06-09T07:46:02Z,1987-06-09T23:59:59Z,http://earthexplorer.usgs.gov/order/process?node=EC&dataset_name=LANDSAT_MSS&ordered=LM51760351987160AAA03,http://earthexplorer.usgs.gov/browse/mss/176/35/1987/LM51760351987160AAA03.jpg,,DAY,
LM51760361987160AAA03,,1987-06-09T07:46:05Z,1987-06-09T23:59:59Z,http://earthexplorer.usgs.gov/order/process?node=EC&dataset_name=LANDSAT_MSS&ordered=LM51760361987160AAA03,http://earthexplorer.usgs.gov/browse/mss/176/36/1987/LM51760361987160AAA03.jpg,,DAY,
LM51760371987160AAA03,,1987-06-09T07:47:01Z,1987-06-09T23:59:59Z,http://earthexplorer.usgs.gov/order/process?node=EC&dataset_name=LANDSAT_MSS&ordered=LM51760371987160AAA03,http://earthexplorer.usgs.gov/browse/mss/176/37/1987/LM51760371987160AAA03.jpg,,DAY,
LM51770351987167AAA03,,1987-06-16T07:52:04Z,1987-06-16T23:59:59Z,http://earthexplorer.usgs.gov/order/process?node=EC&dataset_name=LANDSAT_MSS&ordered=LM51770351987167AAA03,http://earthexplorer.usgs.gov/browse/mss/177/35/1987/LM51770351987167AAA03.jpg,,DAY,
LM51770361987167AAA03,,1987-06-16T07:53:01Z,1987-06-16T23:59:59Z,http://earthexplorer.usgs.gov/order/process?node=EC&dataset_name=LANDSAT_MSS&ordered=LM51770361987167AAA03,http://earthexplorer.usgs.gov/browse/mss/177/36/1987/LM51770361987167AAA03.jpg,,DAY,
LM51770371987167AAA03,,1987-06-16T07:53:03Z,1987-06-16T23:59:59Z,http://earthexplorer.usgs.gov/order/process?node=EC&dataset_name=LANDSAT_MSS&ordered=LM51770371987167AAA03,http://earthexplorer.usgs.gov/browse/mss/177/37/1987/LM51770371987167AAA03.jpg,,DAY,
LM51750351987169AAA03,,1987-06-18T07:40:02Z,1987-06-18T23:59:59Z,http://earthexplorer.usgs.gov/order/process?node=EC&dataset_name=LANDSAT_MSS&ordered=LM51750351987169AAA03,http://earthexplorer.usgs.gov/browse/mss/175/35/1987/LM51750351987169AAA03.jpg,,DAY,
LM51750361987169AAA03,,1987-06-18T07:40:05Z,1987-06-18T23:59:59Z,http://earthexplorer.usgs.gov/order/process?node=EC&dataset_name=LANDSAT_MSS&ordered=LM51750361987169AAA03,http://earthexplorer.usgs.gov/browse/mss/175/36/1987/LM51750361987169AAA03.jpg,,DAY,
LM51750371987169AAA03,,1987-06-18T07:41:01Z,1987-06-18T23:59:59Z,http://earthexplorer.usgs.gov/order/process?node=EC&dataset_name=LANDSAT_MSS&ordered=LM51750371987169AAA03,http://earthexplorer.usgs.gov/browse/mss/175/37/1987/LM51750371987169AAA03.jpg,,DAY,
LM51780351987174AAA03,,1987-06-23T07:59:00Z,1987-06-23T23:59:59Z,http://earthexplorer.usgs.gov/order/process?node=EC&dataset_name=LANDSAT_MSS&ordered=LM51780351987174AAA03,http://earthexplorer.usgs.gov/browse/mss/178/35/1987/LM51780351987174AAA03.jpg,,DAY,
LM51780361987174AAA03,,1987-06-23T07:59:03Z,1987-06-23T23:59:59Z,http://earthexplorer.usgs.gov/order/process?node=EC&dataset_name=LANDSAT_MSS&ordered=LM51780361987174AAA03,http://earthexplorer.usgs.gov/browse/mss/178/36/1987/LM51780361987174AAA03.jpg,,DAY,
LM51760351987176AAA03,,1987-06-25T07:46:04Z,1987-06-25T23:59:59Z,http://earthexplorer.usgs.gov/order/process?node=EC&dataset_name=LANDSAT_MSS&ordered=LM51760351987176AAA03,http://earthexplorer.usgs.gov/browse/mss/176/35/1987/LM51760351987176AAA03.jpg,,DAY,
LM51760361987176AAA03,,1987-06-25T07:47:01Z,1987-06-25T23:59:59Z,http://earthexplorer.usgs.gov/order/process?node=EC&dataset_name=LANDSAT_MSS&ordered=LM51760361987176AAA03,http://earthexplorer.usgs.gov/browse/mss/176/36/1987/LM51760361987176AAA03.jpg,,DAY,
LM51760371987176AAA03,,1987-06-25T07:47:03Z,1987-06-25T23:59:59Z,http://earthexplorer.usgs.gov/order/process?node=EC&dataset_name=LANDSAT_MSS&ordered=LM51760371987176AAA03,http://earthexplorer.usgs.gov/browse/mss/176/37/1987/LM51760371987176AAA03.jpg,,DAY,
LM51770351987183AAA03,,1987-07-02T07:53:00Z,1987-07-02T23:59:59Z,http://earthexplorer.usgs.gov/order/process?node=EC&dataset_name=LANDSAT_MSS&ordered=LM51770351987183AAA03,http://earthexplorer.usgs.gov/browse/mss/177/35/1987/LM51770351987183AAA03.jpg,,DAY,
LM51770361987183AAA03,,1987-07-02T07:53:03Z,1987-07-02T23:59:59Z,http://earthexplorer.usgs.gov/order/process?node=EC&dataset_name=LANDSAT_MSS&ordered=LM51770361987183AAA03,http://earthexplorer.usgs.gov/browse/mss/177/36/1987/LM51770361987183AAA03.jpg,,DAY,
LM51770371987183AAA03,,1987-07-02T07:53:05Z,1987-07-02T23:59:59Z,http://earthexplorer.usgs.gov/order/process?node=EC&dataset_name=LANDSAT_MSS&ordered=LM51770371987183AAA03,http://earthexplorer.usgs.gov/browse/mss/177/37/1987/LM51770371987183AAA03.jpg,,DAY,
LM51750351987185AAA03,,1987-07-04T07:40:04Z,1987-07-04T23:59:59Z,http://earthexplorer.usgs.gov/order/process?node=EC&dataset_name=LANDSAT_MSS&ordered=LM51750351987185AAA03,http://earthexplorer.usgs.gov/browse/mss/175/35/1987/LM51750351987185AAA03.jpg,,DAY,
LM51750361987185AAA04,,1987-07-04T07:41:01Z,1987-07-04T23:59:59Z,http://earthexplorer.usgs.gov/order/process?node=EC&dataset_name=LANDSAT_MSS&ordered=LM51750361987185AAA04,http://earthexplorer.usgs.gov/browse/mss/175/36/1987/LM51750361987185AAA04.jpg,,DAY,
LM51750371987185AAA03,,1987-07-04T07:41:03Z,1987-07-04T23:59:59Z,http://earthexplorer.usgs.gov/order/process?node=EC&dataset_name=LANDSAT_MSS&ordered=LM51750371987185AAA03,http://earthexplorer.usgs.gov/browse/mss/175/37/1987/LM51750371987185AAA03.jpg,,DAY,
LM51780351987190AAA03,,1987-07-09T07:59:02Z,1987-07-09T23:59:59Z,http://earthexplorer.usgs.gov/order/process?node=EC&dataset_name=LANDSAT_MSS&ordered=LM51780351987190AAA03,http://earthexplorer.usgs.gov/browse/mss/178/35/1987/LM51780351987190AAA03.jpg,,DAY,
LM51780361987190AAA03,,1987-07-09T07:59:05Z,1987-07-09T23:59:59Z,http://earthexplorer.usgs.gov/order/process?node=EC&dataset_name=LANDSAT_MSS&ordered=LM51780361987190AAA03,http://earthexplorer.usgs.gov/browse/mss/178/36/1987/LM51780361987190AAA03.jpg,,DAY,
LM51760351987192AAA03,,1987-07-11T07:47:00Z,1987-07-11T23:59:59Z,http://earthexplorer.usgs.gov/order/process?node=EC&dataset_name=LANDSAT_MSS&ordered=LM51760351987192AAA03,http://earthexplorer.usgs.gov/browse/mss/176/35/1987/LM51760351987192AAA03.jpg,,DAY,
LM51760361987192AAA03,,1987-07-11T07:47:03Z,1987-07-11T23:59:59Z,http://earthexplorer.usgs.gov/order/process?node=EC&dataset_name=LANDSAT_MSS&ordered=LM51760361987192AAA03,http://earthexplorer.usgs.gov/browse/mss/176/36/1987/LM51760361987192AAA03.jpg,,DAY,
LM51760371987192AAA03,,1987-07-11T07:47:05Z,1987-07-11T23:59:59Z,http://earthexplorer.usgs.gov/order/process?node=EC&dataset_name=LANDSAT_MSS&ordered=LM51760371987192AAA03,http://earthexplorer.usgs.gov/browse/mss/176/37/1987/LM51760371987192AAA03.jpg,,DAY,
LM51770351987199AAA03,,1987-07-18T07:53:02Z,1987-07-18T23:59:59Z,http://earthexplorer.usgs.gov/order/process?node=EC&dataset_name=LANDSAT_MSS&ordered=LM51770351987199AAA03,http://earthexplorer.usgs.gov/browse/mss/177/35/1987/LM51770351987199AAA03.jpg,,DAY,
LM51770361987199AAA03,,1987-07-18T07:53:04Z,1987-07-18T23:59:59Z,http://earthexplorer.usgs.gov/order/process?node=EC&dataset_name=LANDSAT_MSS&ordered=LM51770361987199AAA03,http://earthexplorer.usgs.gov/browse/mss/177/36/1987/LM51770361987199AAA03.jpg,,DAY,
LM51770371987199AAA03,,1987-07-18T07:54:01Z,1987-07-18T23:59:59Z,http://earthexplorer.usgs.gov/order/process?node=EC&dataset_name=LANDSAT_MSS&ordered=LM51770371987199AAA03,http://earthexplorer.usgs.gov/browse/mss/177/37/1987/LM51770371987199AAA03.jpg,,DAY,
LM51780351987206AAA03,,1987-07-25T07:59:04Z,1987-07-25T23:59:59Z,http://earthexplorer.usgs.gov/order/process?node=EC&dataset_name=LANDSAT_MSS&ordered=LM51780351987206AAA03,http://earthexplorer.usgs.gov/browse/mss/178/35/1987/LM51780351987206AAA03.jpg,,DAY,
LM51780361987206AAA03,,1987-07-25T08:00:01Z,1987-07-25T23:59:59Z,http://earthexplorer.usgs.gov/order/process?node=EC&dataset_name=LANDSAT_MSS&ordered=LM51780361987206AAA03,http://earthexplorer.usgs.gov/browse/mss/178/36/1987/LM51780361987206AAA03.jpg,,DAY,
LM51760351987208AAA03,,1987-07-27T07:47:02Z,1987-07-27T23:59:59Z,http://earthexplorer.usgs.gov/order/process?node=EC&dataset_name=LANDSAT_MSS&ordered=LM51760351987208AAA03,http://earthexplorer.usgs.gov/browse/mss/176/35/1987/LM51760351987208AAA03.jpg,,DAY,
LM51760361987208AAA03,,1987-07-27T07:47:05Z,1987-07-27T23:59:59Z,http://earthexplorer.usgs.gov/order/process?node=EC&dataset_name=LANDSAT_MSS&ordered=LM51760361987208AAA03,http://earthexplorer.usgs.gov/browse/mss/176/36/1987/LM51760361987208AAA03.jpg,,DAY,
LM51760371987208AAA03,,1987-07-27T07:48:01Z,1987-07-27T23:59:59Z,http://earthexplorer.usgs.gov/order/process?node=EC&dataset_name=LANDSAT_MSS&ordered=LM51760371987208AAA03,http://earthexplorer.usgs.gov/browse/mss/176/37/1987/LM51760371987208AAA03.jpg,,DAY,
LM51760351987224AAA03,,1987-08-12T07:47:05Z,1987-08-12T23:59:59Z,http://earthexplorer.usgs.gov/order/process?node=EC&dataset_name=LANDSAT_MSS&ordered=LM51760351987224AAA03,http://earthexplorer.usgs.gov/browse/mss/176/35/1987/LM51760351987224AAA03.jpg,,DAY,
LM51760361987224AAA03,,1987-08-12T07:48:02Z,1987-08-12T23:59:59Z,http://earthexplorer.usgs.gov/order/process?node=EC&dataset_name=LANDSAT_MSS&ordered=LM51760361987224AAA03,http://earthexplorer.usgs.gov/browse/mss/176/36/1987/LM51760361987224AAA03.jpg,,DAY,
LM51760371987224AAA03,,1987-08-12T07:48:04Z,1987-08-12T23:59:59Z,http://earthexplorer.usgs.gov/order/process?node=EC&dataset_name=LANDSAT_MSS&ordered=LM51760371987224AAA03,http://earthexplorer.usgs.gov/browse/mss/176/37/1987/LM51760371987224AAA03.jpg,,DAY,
LM51770351987231AAA03,,1987-08-19T07:54:02Z,1987-08-19T23:59:59Z,http://earthexplorer.usgs.gov/order/process?node=EC&dataset_name=LANDSAT_MSS&ordered=LM51770351987231AAA03,http://earthexplorer.usgs.gov/browse/mss/177/35/1987/LM51770351987231AAA03.jpg,,DAY,
LM51770361987231AAA03,,1987-08-19T07:54:04Z,1987-08-19T23:59:59Z,http://earthexplorer.usgs.gov/order/process?node=EC&dataset_name=LANDSAT_MSS&ordered=LM51770361987231AAA03,http://earthexplorer.usgs.gov/browse/mss/177/36/1987/LM51770361987231AAA03.jpg,,DAY,
LM51770371987231AAA03,,1987-08-19T07:55:00Z,1987-08-19T23:59:59Z,http://earthexplorer.usgs.gov/order/process?node=EC&dataset_name=LANDSAT_MSS&ordered=LM51770371987231AAA03,http://earthexplorer.usgs.gov/browse/mss/177/37/1987/LM51770371987231AAA03.jpg,,DAY,
LM51750351987233AAA05,,1987-08-21T07:42:00Z,1987-08-21T23:59:59Z,http://earthexplorer.usgs.gov/order/process?node=EC&dataset_name=LANDSAT_MSS&ordered=LM51750351987233AAA05,http://earthexplorer.usgs.gov/browse/mss/175/35/1987/LM51750351987233AAA05.jpg,,DAY,
LM51750361987233AAA05,,1987-08-21T07:42:02Z,1987-08-21T23:59:59Z,http://earthexplorer.usgs.gov/order/process?node=EC&dataset_name=LANDSAT_MSS&ordered=LM51750361987233AAA05,http://earthexplorer.usgs.gov/browse/mss/175/36/1987/LM51750361987233AAA05.jpg,,DAY,
LM51780351987238AAA03,,1987-08-26T08:00:04Z,1987-08-26T23:59:59Z,http://earthexplorer.usgs.gov/order/process?node=EC&dataset_name=LANDSAT_MSS&ordered=LM51780351987238AAA03,http://earthexplorer.usgs.gov/browse/mss/178/35/1987/LM51780351987238AAA03.jpg,,DAY,
LM51780361987238AAA03,,1987-08-26T08:01:00Z,1987-08-26T23:59:59Z,http://earthexplorer.usgs.gov/order/process?node=EC&dataset_name=LANDSAT_MSS&ordered=LM51780361987238AAA03,http://earthexplorer.usgs.gov/browse/mss/178/36/1987/LM51780361987238AAA03.jpg,,DAY,
LM51760361987240AAA03,,1987-08-28T07:48:04Z,1987-08-28T23:59:59Z,http://earthexplorer.usgs.gov/order/process?node=EC&dataset_name=LANDSAT_MSS&ordered=LM51760361987240AAA03,http://earthexplorer.usgs.gov/browse/mss/176/36/1987/LM51760361987240AAA03.jpg,,DAY,
LM51760371987240AAA03,,1987-08-28T07:49:01Z,1987-08-28T23:59:59Z,http://earthexplorer.usgs.gov/order/process?node=EC&dataset_name=LANDSAT_MSS&ordered=LM51760371987240AAA03,http://earthexplorer.usgs.gov/browse/mss/176/37/1987/LM51760371987240AAA03.jpg,,DAY,
LM51770351987247AAA03,,1987-09-04T07:54:04Z,1987-09-04T23:59:59Z,http://earthexplorer.usgs.gov/order/process?node=EC&dataset_name=LANDSAT_MSS&ordered=LM51770351987247AAA03,http://earthexplorer.usgs.gov/browse/mss/177/35/1987/LM51770351987247AAA03.jpg,,DAY,
LM51770361987247AAA03,,1987-09-04T07:55:01Z,1987-09-04T23:59:59Z,http://earthexplorer.usgs.gov/order/process?node=EC&dataset_name=LANDSAT_MSS&ordered=LM51770361987247AAA03,http://earthexplorer.usgs.gov/browse/mss/177/36/1987/LM51770361987247AAA03.jpg,,DAY,
LM51770371987247AAA03,,1987-09-04T07:55:03Z,1987-09-04T23:59:59Z,http://earthexplorer.usgs.gov/order/process?node=EC&dataset_name=LANDSAT_MSS&ordered=LM51770371987247AAA03,http://earthexplorer.usgs.gov/browse/mss/177/37/1987/LM51770371987247AAA03.jpg,,DAY,
LM51750351987249AAA03,,1987-09-06T07:42:02Z,1987-09-06T23:59:59Z,http://earthexplorer.usgs.gov/order/process?node=EC&dataset_name=LANDSAT_MSS&ordered=LM51750351987249AAA03,http://earthexplorer.usgs.gov/browse/mss/175/35/1987/LM51750351987249AAA03.jpg,,DAY,
LM51780351987254AAA03,,1987-09-11T08:01:00Z,1987-09-11T23:59:59Z,http://earthexplorer.usgs.gov/order/process?node=EC&dataset_name=LANDSAT_MSS&ordered=LM51780351987254AAA03,http://earthexplorer.usgs.gov/browse/mss/178/35/1987/LM51780351987254AAA03.jpg,,DAY,
LM51780361987254AAA03,,1987-09-11T08:01:03Z,1987-09-11T23:59:59Z,http://earthexplorer.usgs.gov/order/process?node=EC&dataset_name=LANDSAT_MSS&ordered=LM51780361987254AAA03,http://earthexplorer.usgs.gov/browse/mss/178/36/1987/LM51780361987254AAA03.jpg,,DAY,
LM51760351987256AAA03,,1987-09-13T07:48:04Z,1987-09-13T23:59:59Z,http://earthexplorer.usgs.gov/order/process?node=EC&dataset_name=LANDSAT_MSS&ordered=LM51760351987256AAA03,http://earthexplorer.usgs.gov/browse/mss/176/35/1987/LM51760351987256AAA03.jpg,,DAY,
LM51760361987256AAA05,,1987-09-13T07:49:01Z,1987-09-13T23:59:59Z,http://earthexplorer.usgs.gov/order/process?node=EC&dataset_name=LANDSAT_MSS&ordered=LM51760361987256AAA05,http://earthexplorer.usgs.gov/browse/mss/176/36/1987/LM51760361987256AAA05.jpg,,DAY,
LM51760371987256AAA03,,1987-09-13T07:49:03Z,1987-09-13T23:59:59Z,http://earthexplorer.usgs.gov/order/process?node=EC&dataset_name=LANDSAT_MSS&ordered=LM51760371987256AAA03,http://earthexplorer.usgs.gov/browse/mss/176/37/1987/LM51760371987256AAA03.jpg,,DAY,
LM51760351987272AAA03,,1987-09-29T07:49:01Z,1987-09-29T23:59:59Z,http://earthexplorer.usgs.gov/order/process?node=EC&dataset_name=LANDSAT_MSS&ordered=LM51760351987272AAA03,http://earthexplorer.usgs.gov/browse/mss/176/35/1987/LM51760351987272AAA03.jpg,,DAY,
LM51760361987272AAA03,,1987-09-29T07:49:03Z,1987-09-29T23:59:59Z,http://earthexplorer.usgs.gov/order/process?node=EC&dataset_name=LANDSAT_MSS&ordered=LM51760361987272AAA03,http://earthexplorer.usgs.gov/browse/mss/176/36/1987/LM51760361987272AAA03.jpg,,DAY,
LM51760371987272AAA03,,1987-09-29T07:49:05Z,1987-09-29T23:59:59Z,http://earthexplorer.usgs.gov/order/process?node=EC&dataset_name=LANDSAT_MSS&ordered=LM51760371987272AAA03,http://earthexplorer.usgs.gov/browse/mss/176/37/1987/LM51760371987272AAA03.jpg,,DAY,
LM51770351987279AAA03,,1987-10-06T07:55:02Z,1987-10-06T23:59:59Z,http://earthexplorer.usgs.gov/order/process?node=EC&dataset_name=LANDSAT_MSS&ordered=LM51770351987279AAA03,http://earthexplorer.usgs.gov/browse/mss/177/35/1987/LM51770351987279AAA03.jpg,,DAY,
LM51770361987279AAA03,,1987-10-06T07:55:05Z,1987-10-06T23:59:59Z,http://earthexplorer.usgs.gov/order/process?node=EC&dataset_name=LANDSAT_MSS&ordered=LM51770361987279AAA03,http://earthexplorer.usgs.gov/browse/mss/177/36/1987/LM51770361987279AAA03.jpg,,DAY,
LM51770371987279AAA03,,1987-10-06T07:56:01Z,1987-10-06T23:59:59Z,http://earthexplorer.usgs.gov/order/process?node=EC&dataset_name=LANDSAT_MSS&ordered=LM51770371987279AAA03,http://earthexplorer.usgs.gov/browse/mss/177/37/1987/LM51770371987279AAA03.jpg,,DAY,
LM51750351987281AAA03,,1987-10-08T07:43:01Z,1987-10-08T23:59:59Z,http://earthexplorer.usgs.gov/order/process?node=EC&dataset_name=LANDSAT_MSS&ordered=LM51750351987281AAA03,http://earthexplorer.usgs.gov/browse/mss/175/35/1987/LM51750351987281AAA03.jpg,,DAY,
LM51750361987281AAA03,,1987-10-08T07:43:03Z,1987-10-08T23:59:59Z,http://earthexplorer.usgs.gov/order/process?node=EC&dataset_name=LANDSAT_MSS&ordered=LM51750361987281AAA03,http://earthexplorer.usgs.gov/browse/mss/175/36/1987/LM51750361987281AAA03.jpg,,DAY,
LM51750371987281AAA03,,1987-10-08T07:43:05Z,1987-10-08T23:59:59Z,http://earthexplorer.usgs.gov/order/process?node=EC&dataset_name=LANDSAT_MSS&ordered=LM51750371987281AAA03,http://earthexplorer.usgs.gov/browse/mss/175/37/1987/LM51750371987281AAA03.jpg,,DAY,
LM51780351987286AAA03,,1987-10-13T08:01:04Z,1987-10-13T23:59:59Z,http://earthexplorer.usgs.gov/order/process?node=EC&dataset_name=LANDSAT_MSS&ordered=LM51780351987286AAA03,http://earthexplorer.usgs.gov/browse/mss/178/35/1987/LM51780351987286AAA03.jpg,,DAY,
LM51780361987286AAA03,,1987-10-13T08:02:01Z,1987-10-13T23:59:59Z,http://earthexplorer.usgs.gov/order/process?node=EC&dataset_name=LANDSAT_MSS&ordered=LM51780361987286AAA03,http://earthexplorer.usgs.gov/browse/mss/178/36/1987/LM51780361987286AAA03.jpg,,DAY,
LM51760351987288AAA03,,1987-10-15T07:49:02Z,1987-10-15T23:59:59Z,http://earthexplorer.usgs.gov/order/process?node=EC&dataset_name=LANDSAT_MSS&ordered=LM51760351987288AAA03,http://earthexplorer.usgs.gov/browse/mss/176/35/1987/LM51760351987288AAA03.jpg,,DAY,
LM51760361987288AAA03,,1987-10-15T07:49:05Z,1987-10-15T23:59:59Z,http://earthexplorer.usgs.gov/order/process?node=EC&dataset_name=LANDSAT_MSS&ordered=LM51760361987288AAA03,http://earthexplorer.usgs.gov/browse/mss/176/36/1987/LM51760361987288AAA03.jpg,,DAY,
LM51760371987288AAA03,,1987-10-15T07:50:01Z,1987-10-15T23:59:59Z,http://earthexplorer.usgs.gov/order/process?node=EC&dataset_name=LANDSAT_MSS&ordered=LM51760371987288AAA03,http://earthexplorer.usgs.gov/browse/mss/176/37/1987/LM51760371987288AAA03.jpg,,DAY,
LM41780351988137AAA03,,1988-05-16T08:01:04Z,1988-05-16T23:59:59Z,http://earthexplorer.usgs.gov/order/process?node=EC&dataset_name=LANDSAT_MSS&ordered=LM41780351988137AAA03,http://earthexplorer.usgs.gov/browse/mss/178/35/1988/LM41780351988137AAA03.jpg,,DAY,
LM41780361988137AAA03,,1988-05-16T08:02:01Z,1988-05-16T23:59:59Z,http://earthexplorer.usgs.gov/order/process?node=EC&dataset_name=LANDSAT_MSS&ordered=LM41780361988137AAA03,http://earthexplorer.usgs.gov/browse/mss/178/36/1988/LM41780361988137AAA03.jpg,,DAY,
LM41770351988290AAA03,,1988-10-16T07:59:00Z,1988-10-16T23:59:59Z,http://earthexplorer.usgs.gov/order/process?node=EC&dataset_name=LANDSAT_MSS&ordered=LM41770351988290AAA03,http://earthexplorer.usgs.gov/browse/mss/177/35/1988/LM41770351988290AAA03.jpg,,DAY,
LM41770361988290AAA03,,1988-10-16T07:59:03Z,1988-10-16T23:59:59Z,http://earthexplorer.usgs.gov/order/process?node=EC&dataset_name=LANDSAT_MSS&ordered=LM41770361988290AAA03,http://earthexplorer.usgs.gov/browse/mss/177/36/1988/LM41770361988290AAA03.jpg,,DAY,
LM41770371988290AAA03,,1988-10-16T07:59:05Z,1988-10-16T23:59:59Z,http://earthexplorer.usgs.gov/order/process?node=EC&dataset_name=LANDSAT_MSS&ordered=LM41770371988290AAA03,http://earthexplorer.usgs.gov/browse/mss/177/37/1988/LM41770371988290AAA03.jpg,,DAY,
LM41770351988306AAA03,,1988-11-01T07:59:02Z,1988-11-01T23:59:59Z,http://earthexplorer.usgs.gov/order/process?node=EC&dataset_name=LANDSAT_MSS&ordered=LM41770351988306AAA03,http://earthexplorer.usgs.gov/browse/mss/177/35/1988/LM41770351988306AAA03.jpg,,DAY,
LM41770361988306AAA04,,1988-11-01T07:59:04Z,1988-11-01T23:59:59Z,http://earthexplorer.usgs.gov/order/process?node=EC&dataset_name=LANDSAT_MSS&ordered=LM41770361988306AAA04,http://earthexplorer.usgs.gov/browse/mss/177/36/1988/LM41770361988306AAA04.jpg,,DAY,
LM41770371988306AAA03,,1988-11-01T08:00:01Z,1988-11-01T23:59:59Z,http://earthexplorer.usgs.gov/order/process?node=EC&dataset_name=LANDSAT_MSS&ordered=LM41770371988306AAA03,http://earthexplorer.usgs.gov/browse/mss/177/37/1988/LM41770371988306AAA03.jpg,,DAY,
LM41750351988308AAA03,,1988-11-03T07:47:00Z,1988-11-03T23:59:59Z,http://earthexplorer.usgs.gov/order/process?node=EC&dataset_name=LANDSAT_MSS&ordered=LM41750351988308AAA03,http://earthexplorer.usgs.gov/browse/mss/175/35/1988/LM41750351988308AAA03.jpg,,DAY,
LM41770351989228AAA03,,1989-08-16T08:01:03Z,1989-08-16T23:59:59Z,http://earthexplorer.usgs.gov/order/process?node=EC&dataset_name=LANDSAT_MSS&ordered=LM41770351989228AAA03,http://earthexplorer.usgs.gov/browse/mss/177/35/1989/LM41770351989228AAA03.jpg,,DAY,
LM41770361989228AAA03,,1989-08-16T08:02:00Z,1989-08-16T23:59:59Z,http://earthexplorer.usgs.gov/order/process?node=EC&dataset_name=LANDSAT_MSS&ordered=LM41770361989228AAA03,http://earthexplorer.usgs.gov/browse/mss/177/36/1989/LM41770361989228AAA03.jpg,,DAY,
LM41770371989228AAA03,,1989-08-16T08:02:02Z,1989-08-16T23:59:59Z,http://earthexplorer.usgs.gov/order/process?node=EC&dataset_name=LANDSAT_MSS&ordered=LM41770371989228AAA03,http://earthexplorer.usgs.gov/browse/mss/177/37/1989/LM41770371989228AAA03.jpg,,DAY,
LM51750351990241AAA03,,1990-08-29T07:35:04Z,1990-08-29T23:59:59Z,http://earthexplorer.usgs.gov/order/process?node=EC&dataset_name=LANDSAT_MSS&ordered=LM51750351990241AAA03,http://earthexplorer.usgs.gov/browse/mss/175/35/1990/LM51750351990241AAA03.jpg,,DAY,
LM51750361990241AAA03,,1990-08-29T07:36:00Z,1990-08-29T23:59:59Z,http://earthexplorer.usgs.gov/order/process?node=EC&dataset_name=LANDSAT_MSS&ordered=LM51750361990241AAA03,http://earthexplorer.usgs.gov/browse/mss/175/36/1990/LM51750361990241AAA03.jpg,,DAY,
LM51750371990241AAA03,,1990-08-29T07:36:03Z,1990-08-29T23:59:59Z,http://earthexplorer.usgs.gov/order/process?node=EC&dataset_name=LANDSAT_MSS&ordered=LM51750371990241AAA03,http://earthexplorer.usgs.gov/browse/mss/175/37/1990/LM51750371990241AAA03.jpg,,DAY,
